#drop database crm;
#create database crm;
#grant all privileges on crm.* to 'crm'@'localhost' identified by 'crm';




#categorias

INSERT INTO categoria (`id`, `codigo`, `nombre`, `descripcion`) VALUES (1, 2, 'necessitatibus', 'Sed rerum quam voluptates tempora voluptas blanditiis libero.');
INSERT INTO categoria (`id`, `codigo`, `nombre`, `descripcion`) VALUES (2, 14, 'fugiat', 'Voluptates omnis voluptate consequatur ut aliquam odit error.');
INSERT INTO categoria (`id`, `codigo`, `nombre`, `descripcion`) VALUES (3, 13, 'autem', 'Non exercitationem sed culpa in sed ea nihil aliquid.');
INSERT INTO categoria (`id`, `codigo`, `nombre`, `descripcion`) VALUES (4, 7, 'reprehenderit', 'Similique nam mollitia aut labore libero.');
INSERT INTO categoria (`id`, `codigo`, `nombre`, `descripcion`) VALUES (5, 10, 'sint', 'Sed dolores enim dolor animi et placeat quibusdam.');
INSERT INTO categoria (`id`, `codigo`, `nombre`, `descripcion`) VALUES (6, 9, 'saepe', 'Incidunt numquam cupiditate deserunt cupiditate aspernatur error.');
INSERT INTO categoria (`id`, `codigo`, `nombre`, `descripcion`) VALUES (7, 18, 'cumque', 'Deleniti praesentium consequatur eius vel.');
INSERT INTO categoria (`id`, `codigo`, `nombre`, `descripcion`) VALUES (8, 6, 'beatae', 'Numquam voluptas nihil voluptas consequuntur.');
INSERT INTO categoria (`id`, `codigo`, `nombre`, `descripcion`) VALUES (9, 16, 'nihil', 'Nam numquam sunt est qui facere qui.');
INSERT INTO categoria (`id`, `codigo`, `nombre`, `descripcion`) VALUES (10, 4, 'voluptatem', 'Autem dolor accusamus sapiente suscipit.');
INSERT INTO categoria (`id`, `codigo`, `nombre`, `descripcion`) VALUES (11, 12, 'quae', 'Delectus laudantium ut voluptate qui debitis.');
INSERT INTO categoria (`id`, `codigo`, `nombre`, `descripcion`) VALUES (12, 8, 'incidunt', 'Sunt sunt omnis possimus alias possimus.');
INSERT INTO categoria (`id`, `codigo`, `nombre`, `descripcion`) VALUES (13, 5, 'veritatis', 'Enim eveniet maxime nesciunt omnis nihil.');
INSERT INTO categoria (`id`, `codigo`, `nombre`, `descripcion`) VALUES (14, 17, 'maiores', 'Quia eum in sed laboriosam.');
INSERT INTO categoria (`id`, `codigo`, `nombre`, `descripcion`) VALUES (15, 3, 'recusandae', 'Illo quo perferendis quaerat deserunt et architecto aut.');
INSERT INTO categoria (`id`, `codigo`, `nombre`, `descripcion`) VALUES (16, 1, 'asperiores', 'Iste libero sunt praesentium soluta velit voluptatem harum.');
INSERT INTO categoria (`id`, `codigo`, `nombre`, `descripcion`) VALUES (17, 11, 'nihil', 'Nostrum consectetur perferendis eum alias ea reprehenderit.');
INSERT INTO categoria (`id`, `codigo`, `nombre`, `descripcion`) VALUES (18, 19, 'ut', 'A atque molestias ut est.');
INSERT INTO categoria (`id`, `codigo`, `nombre`, `descripcion`) VALUES (19, 15, 'esse', 'Ab ea hic ratione reprehenderit.');
INSERT INTO categoria (`id`, `codigo`, `nombre`, `descripcion`) VALUES (20, 20, 'nam', 'Id occaecati id quos provident.');




#cliente


INSERT INTO cliente (`id`, `codigo`, `nombre`, `genero`, `telefono`, `email`, `username`, `password`, `tarjeta_id`) VALUES (1, '2997', 'Lina Mohr', 1, '956-408-7905x0112', 'vhermiston@example.net', 'dondricka', 'password',null);
INSERT INTO cliente (`id`, `codigo`, `nombre`, `genero`, `telefono`, `email`, `username`, `password`, `tarjeta_id`) VALUES (2, '2104', 'Erick Rowe', 1, '056.390.6424', 'yasmin.shanahan@example.net', 'karley.rippin', 'password', null);
INSERT INTO cliente (`id`, `codigo`, `nombre`, `genero`, `telefono`, `email`, `username`, `password`, `tarjeta_id`) VALUES (3, '9232', 'Kayley Kutch', 1, '424.132.0925', 'major.bayer@example.org', 'lera78', 'password',null);
INSERT INTO cliente (`id`, `codigo`, `nombre`, `genero`, `telefono`, `email`, `username`, `password`, `tarjeta_id`) VALUES (4, '0635', 'Ludwig O\'Connell', 2, '(845)756-8475x29359', 'chelsey99@example.com', 'dedric54', 'password',null);
INSERT INTO cliente (`id`, `codigo`, `nombre`, `genero`, `telefono`, `email`, `username`, `password`, `tarjeta_id`) VALUES (5, '8283', 'Ewald Boehm', 2, '305-583-1079', 'wcremin@example.org', 'chris83', 'password', null);
INSERT INTO cliente (`id`, `codigo`, `nombre`, `genero`, `telefono`, `email`, `username`, `password`, `tarjeta_id`) VALUES (6, '1052', 'Zander Bosco Jr.', 1, '09517904768', 'rbosco@example.net', 'lera.lemke', 'password',null);
INSERT INTO cliente (`id`, `codigo`, `nombre`, `genero`, `telefono`, `email`, `username`, `password`, `tarjeta_id`) VALUES (7, '8106', 'Andy Kuhn', 1, '452-323-1871', 'aparisian@example.net', 'jbreitenberg', 'password', null);
INSERT INTO cliente (`id`, `codigo`, `nombre`, `genero`, `telefono`, `email`, `username`, `password`, `tarjeta_id`) VALUES (8, '7238', 'Jeff Harvey', 2, '07493202822', 'zsenger@example.com', 'arden33', 'password', null);
INSERT INTO cliente (`id`, `codigo`, `nombre`, `genero`, `telefono`, `email`, `username`, `password`, `tarjeta_id`) VALUES (9, '1507', 'Hiram Von III', 3, '134.407.7772x036', 'kayley27@example.org', 'noelia.walker', 'password', null);
INSERT INTO cliente (`id`, `codigo`, `nombre`, `genero`, `telefono`, `email`, `username`, `password`, `tarjeta_id`) VALUES (10, '4661', 'Ken Nolan PhD', 2, '1-740-360-1202', 'rhett45@example.com', 'sipes.magali', 'password', null);
INSERT INTO cliente (`id`, `codigo`, `nombre`, `genero`, `telefono`, `email`, `username`, `password`, `tarjeta_id`) VALUES (11, '3834', 'Danielle Feest', 1, '572-128-2052x34420', 'epfeffer@example.com', 'nat21', 'password', null);
INSERT INTO cliente (`id`, `codigo`, `nombre`, `genero`, `telefono`, `email`, `username`, `password`, `tarjeta_id`) VALUES (12, '3339', 'Idell Lemke', 3, '291-543-6621x15519', 'osbaldo.borer@example.org', 'elinore.boyer', 'password', null);
INSERT INTO cliente (`id`, `codigo`, `nombre`, `genero`, `telefono`, `email`, `username`, `password`, `tarjeta_id`) VALUES (13, '4500', 'Giovani Romaguera', 2, '152-512-1802', 'herman.reichel@example.com', 'joey.abshire', 'password',null);
INSERT INTO cliente (`id`, `codigo`, `nombre`, `genero`, `telefono`, `email`, `username`, `password`, `tarjeta_id`) VALUES (14, '4560', 'Dr. Alvina Armstrong II', 3, '1-022-086-5910', 'xgreenholt@example.net', 'ikoch', 'password',null);
INSERT INTO cliente (`id`, `codigo`, `nombre`, `genero`, `telefono`, `email`, `username`, `password`, `tarjeta_id`) VALUES (15, '8579', 'Nicola Swaniawski', 1, '122.184.6074x63741', 'lindsey.davis@example.com', 'amani.koss', 'password', null);
INSERT INTO cliente (`id`, `codigo`, `nombre`, `genero`, `telefono`, `email`, `username`, `password`, `tarjeta_id`) VALUES (16, '8619', 'Destany Heller', 1, '964-562-1259', 'olynch@example.org', 'raymond.bechtelar', 'password', null);
INSERT INTO cliente (`id`, `codigo`, `nombre`, `genero`, `telefono`, `email`, `username`, `password`, `tarjeta_id`) VALUES (17, '5855', 'Easter Watsica MD', 3, '1-972-971-5145', 'corene19@example.net', 'reynolds.angel', 'password', null);
INSERT INTO cliente (`id`, `codigo`, `nombre`, `genero`, `telefono`, `email`, `username`, `password`, `tarjeta_id`) VALUES (18, '7852', 'Tiara Feil', 1, '1-056-622-5002x823', 'fstamm@example.com', 'qbailey', 'password',null);
INSERT INTO cliente (`id`, `codigo`, `nombre`, `genero`, `telefono`, `email`, `username`, `password`, `tarjeta_id`) VALUES (19, '2559', 'Kianna Romaguera', 1, '740.555.8452', 'pziemann@example.org', 'kitty57', 'password',null);
INSERT INTO cliente (`id`, `codigo`, `nombre`, `genero`, `telefono`, `email`, `username`, `password`, `tarjeta_id`) VALUES (20, '5589', 'Narciso Mohr', 1, '(401)232-0351x8587', 'xkrajcik@example.com', 'darwin.conroy', 'password',null);


#tarjetas
INSERT INTO tarjeta (`id`, `numero`, `saldo`, `cliente_id`) VALUES (1, '6011589461538024', '1361.07', 11);
INSERT INTO tarjeta (`id`, `numero`, `saldo`, `cliente_id`) VALUES (2, '4916496387435', '1046.94', 16);
INSERT INTO tarjeta (`id`, `numero`, `saldo`, `cliente_id`) VALUES (3, '4532658765958700', '1379.49', 2);
INSERT INTO tarjeta (`id`, `numero`, `saldo`, `cliente_id`) VALUES (4, '6011084037649385', '1061.53', 5);
INSERT INTO tarjeta (`id`, `numero`, `saldo`, `cliente_id`) VALUES (5, '343709665059210', '1076.78', 12);
INSERT INTO tarjeta (`id`, `numero`, `saldo`, `cliente_id`) VALUES (6, '4539663910762382', '1202.03', 8);
INSERT INTO tarjeta (`id`, `numero`, `saldo`, `cliente_id`) VALUES (7, '5305827026165446', '695.29', 18);
INSERT INTO tarjeta (`id`, `numero`, `saldo`, `cliente_id`) VALUES (9, '4024007121140', '1185.64', 13);
INSERT INTO tarjeta (`id`, `numero`, `saldo`, `cliente_id`) VALUES (12, '4716480060819', '876.22', 4);
INSERT INTO tarjeta (`id`, `numero`, `saldo`, `cliente_id`) VALUES (13, '5427957160057213', '637.15', 7);
INSERT INTO tarjeta (`id`, `numero`, `saldo`, `cliente_id`) VALUES (15, '5441968503081136', '1362.99', 1);
INSERT INTO tarjeta (`id`, `numero`, `saldo`, `cliente_id`) VALUES (16, '5462742077228513', '1055.42', 20);
INSERT INTO tarjeta (`id`, `numero`, `saldo`, `cliente_id`) VALUES (17, '373117518985816', '1164.93', 6);
INSERT INTO tarjeta (`id`, `numero`, `saldo`, `cliente_id`) VALUES (19, '4929160284313', '1156.7', 14);
INSERT INTO tarjeta (`id`, `numero`, `saldo`, `cliente_id`) VALUES (20, '4929221043432', '1226.23', 17);



#gustos

INSERT INTO gusto (`id`, `cliente_id`, `categoria_id`) VALUES (1, 4, 6);
INSERT INTO gusto (`id`, `cliente_id`, `categoria_id`) VALUES (2, 5, 19);
INSERT INTO gusto (`id`, `cliente_id`, `categoria_id`) VALUES (3, 7, 18);
INSERT INTO gusto (`id`, `cliente_id`, `categoria_id`) VALUES (4, 8, 19);
INSERT INTO gusto (`id`, `cliente_id`, `categoria_id`) VALUES (5, 8, 11);
INSERT INTO gusto (`id`, `cliente_id`, `categoria_id`) VALUES (6, 11, 19);
INSERT INTO gusto (`id`, `cliente_id`, `categoria_id`) VALUES (7, 10, 10);
INSERT INTO gusto (`id`, `cliente_id`, `categoria_id`) VALUES (8, 5, 4);
INSERT INTO gusto (`id`, `cliente_id`, `categoria_id`) VALUES (9, 15, 17);
INSERT INTO gusto (`id`, `cliente_id`, `categoria_id`) VALUES (10, 15, 19);
INSERT INTO gusto (`id`, `cliente_id`, `categoria_id`) VALUES (11, 1, 3);
INSERT INTO gusto (`id`, `cliente_id`, `categoria_id`) VALUES (12, 10, 12);
INSERT INTO gusto (`id`, `cliente_id`, `categoria_id`) VALUES (13, 12, 10);
INSERT INTO gusto (`id`, `cliente_id`, `categoria_id`) VALUES (14, 5, 17);
INSERT INTO gusto (`id`, `cliente_id`, `categoria_id`) VALUES (15, 14, 6);
INSERT INTO gusto (`id`, `cliente_id`, `categoria_id`) VALUES (16, 19, 15);
INSERT INTO gusto (`id`, `cliente_id`, `categoria_id`) VALUES (17, 19, 14);
INSERT INTO gusto (`id`, `cliente_id`, `categoria_id`) VALUES (18, 3, 18);
INSERT INTO gusto (`id`, `cliente_id`, `categoria_id`) VALUES (19, 4, 4);
INSERT INTO gusto (`id`, `cliente_id`, `categoria_id`) VALUES (20, 8, 12);
INSERT INTO gusto (`id`, `cliente_id`, `categoria_id`) VALUES (21, 3, 18);
INSERT INTO gusto (`id`, `cliente_id`, `categoria_id`) VALUES (22, 8, 17);
INSERT INTO gusto (`id`, `cliente_id`, `categoria_id`) VALUES (23, 9, 8);
INSERT INTO gusto (`id`, `cliente_id`, `categoria_id`) VALUES (24, 3, 11);
INSERT INTO gusto (`id`, `cliente_id`, `categoria_id`) VALUES (25, 5, 5);
INSERT INTO gusto (`id`, `cliente_id`, `categoria_id`) VALUES (26, 7, 4);
INSERT INTO gusto (`id`, `cliente_id`, `categoria_id`) VALUES (27, 7, 13);
INSERT INTO gusto (`id`, `cliente_id`, `categoria_id`) VALUES (28, 10, 17);
INSERT INTO gusto (`id`, `cliente_id`, `categoria_id`) VALUES (29, 2, 6);
INSERT INTO gusto (`id`, `cliente_id`, `categoria_id`) VALUES (30, 12, 8);
INSERT INTO gusto (`id`, `cliente_id`, `categoria_id`) VALUES (31, 6, 1);
INSERT INTO gusto (`id`, `cliente_id`, `categoria_id`) VALUES (32, 7, 14);
INSERT INTO gusto (`id`, `cliente_id`, `categoria_id`) VALUES (33, 14, 16);
INSERT INTO gusto (`id`, `cliente_id`, `categoria_id`) VALUES (34, 7, 15);
INSERT INTO gusto (`id`, `cliente_id`, `categoria_id`) VALUES (35, 14, 17);
INSERT INTO gusto (`id`, `cliente_id`, `categoria_id`) VALUES (36, 2, 5);
INSERT INTO gusto (`id`, `cliente_id`, `categoria_id`) VALUES (37, 15, 10);
INSERT INTO gusto (`id`, `cliente_id`, `categoria_id`) VALUES (38, 18, 17);
INSERT INTO gusto (`id`, `cliente_id`, `categoria_id`) VALUES (39, 8, 4);
INSERT INTO gusto (`id`, `cliente_id`, `categoria_id`) VALUES (40, 20, 9);
INSERT INTO gusto (`id`, `cliente_id`, `categoria_id`) VALUES (41, 12, 18);
INSERT INTO gusto (`id`, `cliente_id`, `categoria_id`) VALUES (42, 12, 13);
INSERT INTO gusto (`id`, `cliente_id`, `categoria_id`) VALUES (43, 6, 18);
INSERT INTO gusto (`id`, `cliente_id`, `categoria_id`) VALUES (44, 16, 12);
INSERT INTO gusto (`id`, `cliente_id`, `categoria_id`) VALUES (45, 14, 19);
INSERT INTO gusto (`id`, `cliente_id`, `categoria_id`) VALUES (46, 14, 19);
INSERT INTO gusto (`id`, `cliente_id`, `categoria_id`) VALUES (47, 12, 13);
INSERT INTO gusto (`id`, `cliente_id`, `categoria_id`) VALUES (48, 5, 1);
INSERT INTO gusto (`id`, `cliente_id`, `categoria_id`) VALUES (49, 10, 5);
INSERT INTO gusto (`id`, `cliente_id`, `categoria_id`) VALUES (50, 7, 6);
INSERT INTO gusto (`id`, `cliente_id`, `categoria_id`) VALUES (51, 6, 18);
INSERT INTO gusto (`id`, `cliente_id`, `categoria_id`) VALUES (52, 13, 19);
INSERT INTO gusto (`id`, `cliente_id`, `categoria_id`) VALUES (53, 14, 7);
INSERT INTO gusto (`id`, `cliente_id`, `categoria_id`) VALUES (54, 5, 18);
INSERT INTO gusto (`id`, `cliente_id`, `categoria_id`) VALUES (55, 14, 8);
INSERT INTO gusto (`id`, `cliente_id`, `categoria_id`) VALUES (56, 7, 20);
INSERT INTO gusto (`id`, `cliente_id`, `categoria_id`) VALUES (57, 9, 15);
INSERT INTO gusto (`id`, `cliente_id`, `categoria_id`) VALUES (58, 14, 15);
INSERT INTO gusto (`id`, `cliente_id`, `categoria_id`) VALUES (59, 10, 19);
INSERT INTO gusto (`id`, `cliente_id`, `categoria_id`) VALUES (60, 14, 6);
INSERT INTO gusto (`id`, `cliente_id`, `categoria_id`) VALUES (61, 20, 8);
INSERT INTO gusto (`id`, `cliente_id`, `categoria_id`) VALUES (62, 10, 19);
INSERT INTO gusto (`id`, `cliente_id`, `categoria_id`) VALUES (63, 14, 15);
INSERT INTO gusto (`id`, `cliente_id`, `categoria_id`) VALUES (64, 11, 13);
INSERT INTO gusto (`id`, `cliente_id`, `categoria_id`) VALUES (65, 10, 17);
INSERT INTO gusto (`id`, `cliente_id`, `categoria_id`) VALUES (66, 12, 16);
INSERT INTO gusto (`id`, `cliente_id`, `categoria_id`) VALUES (67, 15, 1);
INSERT INTO gusto (`id`, `cliente_id`, `categoria_id`) VALUES (68, 14, 4);
INSERT INTO gusto (`id`, `cliente_id`, `categoria_id`) VALUES (69, 4, 17);
INSERT INTO gusto (`id`, `cliente_id`, `categoria_id`) VALUES (70, 13, 3);
INSERT INTO gusto (`id`, `cliente_id`, `categoria_id`) VALUES (71, 11, 6);
INSERT INTO gusto (`id`, `cliente_id`, `categoria_id`) VALUES (72, 7, 14);
INSERT INTO gusto (`id`, `cliente_id`, `categoria_id`) VALUES (73, 7, 9);
INSERT INTO gusto (`id`, `cliente_id`, `categoria_id`) VALUES (74, 16, 18);
INSERT INTO gusto (`id`, `cliente_id`, `categoria_id`) VALUES (75, 11, 20);
INSERT INTO gusto (`id`, `cliente_id`, `categoria_id`) VALUES (76, 1, 8);
INSERT INTO gusto (`id`, `cliente_id`, `categoria_id`) VALUES (77, 13, 11);
INSERT INTO gusto (`id`, `cliente_id`, `categoria_id`) VALUES (78, 5, 7);
INSERT INTO gusto (`id`, `cliente_id`, `categoria_id`) VALUES (79, 2, 8);
INSERT INTO gusto (`id`, `cliente_id`, `categoria_id`) VALUES (80, 2, 16);
INSERT INTO gusto (`id`, `cliente_id`, `categoria_id`) VALUES (81, 9, 15);
INSERT INTO gusto (`id`, `cliente_id`, `categoria_id`) VALUES (82, 2, 12);
INSERT INTO gusto (`id`, `cliente_id`, `categoria_id`) VALUES (83, 6, 5);
INSERT INTO gusto (`id`, `cliente_id`, `categoria_id`) VALUES (84, 2, 15);
INSERT INTO gusto (`id`, `cliente_id`, `categoria_id`) VALUES (85, 9, 13);
INSERT INTO gusto (`id`, `cliente_id`, `categoria_id`) VALUES (86, 8, 17);
INSERT INTO gusto (`id`, `cliente_id`, `categoria_id`) VALUES (87, 12, 20);
INSERT INTO gusto (`id`, `cliente_id`, `categoria_id`) VALUES (88, 6, 18);
INSERT INTO gusto (`id`, `cliente_id`, `categoria_id`) VALUES (89, 12, 13);
INSERT INTO gusto (`id`, `cliente_id`, `categoria_id`) VALUES (90, 11, 3);
INSERT INTO gusto (`id`, `cliente_id`, `categoria_id`) VALUES (91, 14, 3);
INSERT INTO gusto (`id`, `cliente_id`, `categoria_id`) VALUES (92, 13, 15);
INSERT INTO gusto (`id`, `cliente_id`, `categoria_id`) VALUES (93, 14, 14);
INSERT INTO gusto (`id`, `cliente_id`, `categoria_id`) VALUES (94, 17, 14);
INSERT INTO gusto (`id`, `cliente_id`, `categoria_id`) VALUES (95, 17, 1);
INSERT INTO gusto (`id`, `cliente_id`, `categoria_id`) VALUES (96, 18, 10);
INSERT INTO gusto (`id`, `cliente_id`, `categoria_id`) VALUES (97, 11, 13);
INSERT INTO gusto (`id`, `cliente_id`, `categoria_id`) VALUES (98, 8, 3);
INSERT INTO gusto (`id`, `cliente_id`, `categoria_id`) VALUES (99, 15, 1);
INSERT INTO gusto (`id`, `cliente_id`, `categoria_id`) VALUES (100, 10, 2);


#tipos de empleado
insert into tipo_empleado (codigo,nombre,descripcion) values (1,'Administrador','Permisos para crear empleados y registrar productos');
insert into tipo_empleado (codigo,nombre,descripcion) values (2,'Agente de Servicio','Atiende a clientes');
insert into tipo_empleado (codigo,nombre,descripcion) values (3,'Agente de Marketing','Prepara ofertas');




#empleados

INSERT INTO empleado (`id`, `codigo`, `nombre`, `telefono`, `email`, `username`, `password`, `tipo_id`) VALUES (1, 'E8838', 'Tiana Ryan', '03578445352', 'ziemann.juston@example.com', 'awolff', '4f0d37276d29516d5b7232757c78bdff12f1fa89', 1);
INSERT INTO empleado (`id`, `codigo`, `nombre`, `telefono`, `email`, `username`, `password`, `tipo_id`) VALUES (2, 'E2764', 'Prof. Maryam Hessel DVM', '111-322-0558', 'franco99@example.com', 'morissette.larissa', '06b532611752f9c289d996a7525057cd308846a4', 2);
INSERT INTO empleado (`id`, `codigo`, `nombre`, `telefono`, `email`, `username`, `password`, `tipo_id`) VALUES (3, 'E2518', 'Magdalena Pagac', '182-916-0808x2182', 'humberto42@example.net', 'ritchie.juston', 'db36780b257f626c5de36773849f840f3de9725e', 1);
INSERT INTO empleado (`id`, `codigo`, `nombre`, `telefono`, `email`, `username`, `password`, `tipo_id`) VALUES (4, 'E7249', 'Marco Collier', '1-771-696-1924x136', 'tgerhold@example.org', 'ipowlowski', '5d6eb2f8c73fd184548a6e625f9d93d3549132e1', 2);
INSERT INTO empleado (`id`, `codigo`, `nombre`, `telefono`, `email`, `username`, `password`, `tipo_id`) VALUES (5, 'E8939', 'Justus Blick DDS', '+32(5)3130317191', 'freeda18@example.org', 'amitchell', 'ba26db80aa3d0cb26cdfd42efc5786bd7f40dee0', 2);
INSERT INTO empleado (`id`, `codigo`, `nombre`, `telefono`, `email`, `username`, `password`, `tipo_id`) VALUES (6, 'E1690', 'Cayla Bednar', '1-663-352-0457', 'vella74@example.com', 'yosinski', '00ed0da0a04d7defc1f509c77f8088cead1892a5', 3);
INSERT INTO empleado (`id`, `codigo`, `nombre`, `telefono`, `email`, `username`, `password`, `tipo_id`) VALUES (7, 'E0970', 'Prof. Misael Price IV', '1-280-083-1809x7561', 'ottis19@example.com', 'oswaldo.rempel', 'f348f520ab35388cdd24943451b9bd5d99ebf49e', 1);
INSERT INTO empleado (`id`, `codigo`, `nombre`, `telefono`, `email`, `username`, `password`, `tipo_id`) VALUES (8, 'E7859', 'Alberto Roob', '721.323.8022x22565', 'tbailey@example.org', 'emuller', '17bd367bbd1a60c4c8cb553103f532eb4c7a376e', 1);
INSERT INTO empleado (`id`, `codigo`, `nombre`, `telefono`, `email`, `username`, `password`, `tipo_id`) VALUES (9, 'E7756', 'Dale Feil', '1-768-079-4857', 'braeden.schulist@example.com', 'marcia.stehr', '6f4dc54134642ce85e8a2753917e4205bdc461ae', 3);
INSERT INTO empleado (`id`, `codigo`, `nombre`, `telefono`, `email`, `username`, `password`, `tipo_id`) VALUES (10, 'E1012', 'Samson Stamm Jr.', '1-244-509-0671', 'andreane90@example.com', 'gokuneva', '1c8b3bef0fc1242e005e6530fecbbe9d07c02250', 2);
INSERT INTO empleado (`id`, `codigo`, `nombre`, `telefono`, `email`, `username`, `password`, `tipo_id`) VALUES (11, 'E6051', 'Dr. Elliott Willms II', '048-634-2889', 'milton21@example.com', 'makayla.kulas', 'c7244779b3d268a87e061871cd6edba590c5afbc', 1);
INSERT INTO empleado (`id`, `codigo`, `nombre`, `telefono`, `email`, `username`, `password`, `tipo_id`) VALUES (12, 'E3055', 'Dakota Smith III', '345.564.3129', 'hackett.marvin@example.net', 'jhilpert', 'b479d43c86d2cfe78b345f568f9efc754e24d651', 2);
INSERT INTO empleado (`id`, `codigo`, `nombre`, `telefono`, `email`, `username`, `password`, `tipo_id`) VALUES (13, 'E0262', 'Prof. Nash Macejkovic', '1-292-239-1301x2958', 'valtenwerth@example.com', 'irohan', 'b6a46a70ec616fb2881d3f69f87132d80869b266', 1);
INSERT INTO empleado (`id`, `codigo`, `nombre`, `telefono`, `email`, `username`, `password`, `tipo_id`) VALUES (14, 'E5518', 'Lillie Hills', '966.861.8006', 'bhuel@example.com', 'kelly.stamm', '08d52fa8ca65189ab350be6e62cc720bd7d35f0f', 1);
INSERT INTO empleado (`id`, `codigo`, `nombre`, `telefono`, `email`, `username`, `password`, `tipo_id`) VALUES (15, 'E8444', 'Lilly Watsica DDS', '1-241-662-0702x2053', 'qspencer@example.com', 'alvina.west', '9620e1107d265ce98ab84e9f4301e850d53b7659', 3);
INSERT INTO empleado (`id`, `codigo`, `nombre`, `telefono`, `email`, `username`, `password`, `tipo_id`) VALUES (16, 'E0470', 'Gail Hauck', '08948843103', 'portiz@example.org', 'floy.dickinson', '55b7863dbbc70bbb9e4b8af4d60e78df8cd450c1', 1);
INSERT INTO empleado (`id`, `codigo`, `nombre`, `telefono`, `email`, `username`, `password`, `tipo_id`) VALUES (17, 'E9498', 'Mr. Tyshawn Terry', '+43(8)7717026810', 'hills.viviane@example.org', 'kullrich', '7c22df30a9d628bd29800c1274a0abb9f154bf12', 2);
INSERT INTO empleado (`id`, `codigo`, `nombre`, `telefono`, `email`, `username`, `password`, `tipo_id`) VALUES (18, 'E4226', 'Genoveva Reinger IV', '335-144-1447x621', 'kdubuque@example.com', 'wolf.alicia', 'dd9288993e3e1f583288b960be7166d5c6307d26', 3);
INSERT INTO empleado (`id`, `codigo`, `nombre`, `telefono`, `email`, `username`, `password`, `tipo_id`) VALUES (19, 'E9319', 'Prof. Cordie Mueller', '(643)793-3617x1399', 'raphael.mertz@example.org', 'stokes.jeremie', 'b95219f66a6bfe6969c8d1d00a5e8e96d627d5c1', 1);
INSERT INTO empleado (`id`, `codigo`, `nombre`, `telefono`, `email`, `username`, `password`, `tipo_id`) VALUES (20, 'E0589', 'Tyra Kozey', '680.747.8680', 'theathcote@example.org', 'christopher15', 'a5b2be8b90352abbfdd65e28e1ad43eae72b79b8', 1);
INSERT INTO empleado (`id`, `codigo`, `nombre`, `telefono`, `email`, `username`, `password`, `tipo_id`) VALUES (21, 'E6150', 'Prof. Winfield Quitzon', '878-063-0966', 'murphy.abdullah@example.com', 'reynolds.timmy', 'a5b0ce8b69bd34b42775577a49dfd964512c93b0', 3);
INSERT INTO empleado (`id`, `codigo`, `nombre`, `telefono`, `email`, `username`, `password`, `tipo_id`) VALUES (22, 'E6573', 'Miss Taya Rowe I', '383-411-3541x1637', 'reed.schmitt@example.com', 'torey.walter', '28074ded2561437fe82cd776e508739cb1849325', 1);
INSERT INTO empleado (`id`, `codigo`, `nombre`, `telefono`, `email`, `username`, `password`, `tipo_id`) VALUES (23, 'E7319', 'Wyatt Schneider', '548-522-4396', 'ihyatt@example.net', 'uwalsh', '726bcb6cf142d4bb47136a12bcc898653ed1d9eb', 3);
INSERT INTO empleado (`id`, `codigo`, `nombre`, `telefono`, `email`, `username`, `password`, `tipo_id`) VALUES (24, 'E6588', 'Daphne Harris', '131.244.3409x03805', 'emily22@example.org', 'katarina.bruen', 'b72fea89bb7b98cd7d4f294165f3f736b089e501', 2);
INSERT INTO empleado (`id`, `codigo`, `nombre`, `telefono`, `email`, `username`, `password`, `tipo_id`) VALUES (25, 'E7543', 'Prof. Annamarie Wilkinson', '598-657-5505x866', 'lindgren.samara@example.com', 'gottlieb.irwin', '88edbdc35f71c40aaac730620e8277cb9ac853fc', 2);
INSERT INTO empleado (`id`, `codigo`, `nombre`, `telefono`, `email`, `username`, `password`, `tipo_id`) VALUES (26, 'E9931', 'Antonina Lowe', '02612937264', 'pkrajcik@example.com', 'rhills', '31b0a26117c1190d6773f92d31ca8fe5f700a6b7', 3);
INSERT INTO empleado (`id`, `codigo`, `nombre`, `telefono`, `email`, `username`, `password`, `tipo_id`) VALUES (27, 'E7741', 'Melba Conn', '08268548395', 'brock45@example.com', 'ecollier', '2bf3b7c6b9ca6784cb9efbe2e548fbe6e91d196f', 1);
INSERT INTO empleado (`id`, `codigo`, `nombre`, `telefono`, `email`, `username`, `password`, `tipo_id`) VALUES (28, 'E1524', 'Mrs. Elody Mueller', '1-600-010-4367', 'kulas.eveline@example.org', 'ritchie.mathilde', 'bc77e6afc33e71f850d7008e574dc4f8ff2fd1dd', 3);
INSERT INTO empleado (`id`, `codigo`, `nombre`, `telefono`, `email`, `username`, `password`, `tipo_id`) VALUES (29, 'E2052', 'Morton Bartell II', '940-662-9144x1721', 'alejandra34@example.com', 'koch.alvena', '9e81a1601b86bbf9dd61c3ea3d45b1106900b357', 1);
INSERT INTO empleado (`id`, `codigo`, `nombre`, `telefono`, `email`, `username`, `password`, `tipo_id`) VALUES (30, 'E1259', 'Myrtice Hane', '163-869-0222x522', 'thompson.remington@example.org', 'schamberger.kellie', '94b463b42a22153397a0c111df26c3f7610463b3', 1);
INSERT INTO empleado (`id`, `codigo`, `nombre`, `telefono`, `email`, `username`, `password`, `tipo_id`) VALUES (31, 'E0748', 'Angie McDermott', '546-952-0505x865', 'sadie07@example.org', 'astrid.cremin', 'c78acef165ff3b30b1859f1b842e737c2b587312', 3);
INSERT INTO empleado (`id`, `codigo`, `nombre`, `telefono`, `email`, `username`, `password`, `tipo_id`) VALUES (32, 'E9323', 'Georgianna Bogisich', '(046)099-1863', 'phermiston@example.com', 'wschuster', '99d12727c83b9e44b6feb10bc512cd882266e98c', 3);
INSERT INTO empleado (`id`, `codigo`, `nombre`, `telefono`, `email`, `username`, `password`, `tipo_id`) VALUES (33, 'E6308', 'Collin Hagenes Jr.', '(679)696-3667', 'goldner.alex@example.net', 'aliyah39', 'e0dadc8730a83738a4eace31edbb4eb63d218d2b', 1);
INSERT INTO empleado (`id`, `codigo`, `nombre`, `telefono`, `email`, `username`, `password`, `tipo_id`) VALUES (34, 'E3848', 'Miss Sydni Ritchie PhD', '+97(5)2780119367', 'schoen.breana@example.net', 'winona08', 'c390ade994a7f25a5927bf3e98285f6c8d2c86a8', 3);
INSERT INTO empleado (`id`, `codigo`, `nombre`, `telefono`, `email`, `username`, `password`, `tipo_id`) VALUES (35, 'E7568', 'Ms. Virginie Schamberger MD', '(411)151-8750x81668', 'hauck.shawn@example.com', 'mafalda18', '4bdc7c4f97a9c650b49374527f29adb6a2d3fb4e', 1);
INSERT INTO empleado (`id`, `codigo`, `nombre`, `telefono`, `email`, `username`, `password`, `tipo_id`) VALUES (36, 'E5418', 'Prof. Anika Cassin', '06364034505', 'bcorwin@example.net', 'beulah.greenholt', '7c57d841d159213a6bd41eea30e007903c9a7642', 1);
INSERT INTO empleado (`id`, `codigo`, `nombre`, `telefono`, `email`, `username`, `password`, `tipo_id`) VALUES (37, 'E6135', 'Princess Kessler', '777.677.8125', 'walsh.ressie@example.com', 'udaniel', '9ccff6546c78de5a56465e976679246eecadff21', 1);
INSERT INTO empleado (`id`, `codigo`, `nombre`, `telefono`, `email`, `username`, `password`, `tipo_id`) VALUES (38, 'E9935', 'Erick Hyatt I', '(197)616-7794x87985', 'jena44@example.net', 'queenie.schmitt', '6952a39d4e028b1a423ac78421eefc77c23e9b7e', 2);
INSERT INTO empleado (`id`, `codigo`, `nombre`, `telefono`, `email`, `username`, `password`, `tipo_id`) VALUES (39, 'E1311', 'Brando Hackett', '(555)943-5212x19910', 'abbott.lempi@example.org', 'alanis.jerde', 'c1faccc1df55524080bff806ce0ea584d006b213', 1);
INSERT INTO empleado (`id`, `codigo`, `nombre`, `telefono`, `email`, `username`, `password`, `tipo_id`) VALUES (40, 'E7744', 'Clifton O\'Connell', '506-720-0802', 'lo\'connell@example.org', 'millie03', '7971ae2f5488a94a2c75ba2079974830e6737570', 3);
INSERT INTO empleado (`id`, `codigo`, `nombre`, `telefono`, `email`, `username`, `password`, `tipo_id`) VALUES (41, 'E4094', 'Josh Labadie', '724.774.5660x8007', 'dino22@example.net', 'edd03', '102493eab08aa791306ec31f73e96fa074572585', 1);
INSERT INTO empleado (`id`, `codigo`, `nombre`, `telefono`, `email`, `username`, `password`, `tipo_id`) VALUES (42, 'E4019', 'Winnifred Konopelski I', '(451)300-4243x03763', 'wava.schumm@example.org', 'sshields', 'fa7095ed20b8b1bb808de86929a8682eb1ba8209', 1);
INSERT INTO empleado (`id`, `codigo`, `nombre`, `telefono`, `email`, `username`, `password`, `tipo_id`) VALUES (43, 'E7531', 'Brannon Pfeffer', '039.001.7499x884', 'frunte@example.com', 'marc66', '027b86480823ae615d8cfb421f3fc95509484543', 3);
INSERT INTO empleado (`id`, `codigo`, `nombre`, `telefono`, `email`, `username`, `password`, `tipo_id`) VALUES (44, 'E2877', 'Noah Abbott', '(810)754-5160', 'abigail72@example.net', 'turner.paula', '22d859042996ba2ec86933badbd8149b68331aa5', 3);
INSERT INTO empleado (`id`, `codigo`, `nombre`, `telefono`, `email`, `username`, `password`, `tipo_id`) VALUES (45, 'E6155', 'Kayden Champlin', '+96(8)1165455888', 'o\'connell.carolanne@example.net', 'eileen.fisher', '54fb2b8b5cc1b0178a77f23a46680602b103afa9', 3);
INSERT INTO empleado (`id`, `codigo`, `nombre`, `telefono`, `email`, `username`, `password`, `tipo_id`) VALUES (46, 'E0434', 'Loma Koch IV', '804.842.4604x8756', 'jenkins.darion@example.com', 'ray93', '456ad0d1f2f63e142131d159158234118a8f4953', 2);
INSERT INTO empleado (`id`, `codigo`, `nombre`, `telefono`, `email`, `username`, `password`, `tipo_id`) VALUES (47, 'E6842', 'Stephania Luettgen', '1-955-887-3827x745', 'gerry.eichmann@example.net', 'rashawn19', 'e9f47dfdccb319b023907345bef664af98d65a0b', 3);
INSERT INTO empleado (`id`, `codigo`, `nombre`, `telefono`, `email`, `username`, `password`, `tipo_id`) VALUES (48, 'E7752', 'Ms. Laney Gaylord Jr.', '893.474.9223', 'anastasia.graham@example.com', 'zsipes', 'd7f2ca70628147b1847ea8a46ded0d38b0758ad4', 1);
INSERT INTO empleado (`id`, `codigo`, `nombre`, `telefono`, `email`, `username`, `password`, `tipo_id`) VALUES (49, 'E2052', 'Shana Greenfelder DVM', '(007)682-5255x02508', 'osbaldo.waters@example.org', 'sabshire', '4ddd8f7f5a031c9d598a755bad30c04f82a3de28', 1);
INSERT INTO empleado (`id`, `codigo`, `nombre`, `telefono`, `email`, `username`, `password`, `tipo_id`) VALUES (50, 'E4509', 'Thea Bartoletti', '717-933-5146x6656', 'lonnie37@example.org', 'cronin.savion', 'ea2e479e1e3d4340534232cedb4da6388222222e', 3);




#productos


INSERT INTO producto (`id`, `codigo`, `nombre`, `descripcion`, `precio`, `existencias`, `categoria_id`, `genero`, `imagen`, `content_type_imagen`, `active`) VALUES (1, 'm9423', 'Corwin, O\'Hara and Williamson', 'Magnam distinctio distinctio quae in perferendis velit.', '679.21', 182, 17, 2, LOAD_FILE('/home/sarahi/Documentos/crm-igf-cop/test/datos_test/3fc4f34b23392a0da2cd629054880467.jpg'), 'image/jpeg', 1);
INSERT INTO producto (`id`, `codigo`, `nombre`, `descripcion`, `precio`, `existencias`, `categoria_id`, `genero`, `imagen`, `content_type_imagen`, `active`) VALUES (2, 'm1431', 'Runolfsson-Kuhic', 'Quos est sit hic velit.', '538.71', 154, 15, 2, LOAD_FILE('/home/sarahi/Documentos/crm-igf-cop/test/datos_test/03a1552ea90c59bb4565907e599a8da4.jpg'), 'image/jpeg', 1);
INSERT INTO producto (`id`, `codigo`, `nombre`, `descripcion`, `precio`, `existencias`, `categoria_id`, `genero`, `imagen`, `content_type_imagen`, `active`) VALUES (3, 'a3259', 'Pagac, Borer and Heidenreich', 'Reprehenderit ut itaque tempora debitis distinctio qui cumque sint.', '745.29', 236, 3, 2, LOAD_FILE('/home/sarahi/Documentos/crm-igf-cop/test/datos_test/a6ba1661ca9e8acefa5d2b890b5d0578.jpg'), 'image/jpeg', 1);
INSERT INTO producto (`id`, `codigo`, `nombre`, `descripcion`, `precio`, `existencias`, `categoria_id`, `genero`, `imagen`, `content_type_imagen`, `active`) VALUES (4, 'e7354', 'Collier-Witting', 'Dicta aut excepturi quia iusto.', '68.4', 324, 17, 1, LOAD_FILE('/home/sarahi/Documentos/crm-igf-cop/test/datos_test/c1e5ec090cc81f220c6c1b1f323f01d7.jpg'), 'image/jpeg', 1);
INSERT INTO producto (`id`, `codigo`, `nombre`, `descripcion`, `precio`, `existencias`, `categoria_id`, `genero`, `imagen`, `content_type_imagen`, `active`) VALUES (5, 'u5391', 'Marquardt-Price', 'Rem veritatis aut aut nam voluptatem sed rerum debitis.', '350.53', 8, 15, 2, LOAD_FILE('/home/sarahi/Documentos/crm-igf-cop/test/datos_test/ec41b55717f79b728cd3a13938dbacbe.jpg'), 'image/jpeg', 1);
INSERT INTO producto (`id`, `codigo`, `nombre`, `descripcion`, `precio`, `existencias`, `categoria_id`, `genero`, `imagen`, `content_type_imagen`, `active`) VALUES (6, 'n9149', 'Gerlach-Wyman', 'Ea ut tempore enim modi vel.', '323.12', 87, 6, 1, LOAD_FILE('/home/sarahi/Documentos/crm-igf-cop/test/datos_test/f3c9dbbbd38001b62068de1328a1d491.jpg'), 'image/jpeg', 1);
INSERT INTO producto (`id`, `codigo`, `nombre`, `descripcion`, `precio`, `existencias`, `categoria_id`, `genero`, `imagen`, `content_type_imagen`, `active`) VALUES (7, 'a1867', 'Romaguera LLC', 'Illum consectetur a excepturi consectetur dolor.', '625.07', 381, 16, 1, LOAD_FILE('/home/sarahi/Documentos/crm-igf-cop/test/datos_test/90362f329095c2304964c5f52d7be505.jpg'), 'image/jpeg', 1);
INSERT INTO producto (`id`, `codigo`, `nombre`, `descripcion`, `precio`, `existencias`, `categoria_id`, `genero`, `imagen`, `content_type_imagen`, `active`) VALUES (8, 'o0649', 'Fritsch-Wyman', 'Qui rerum vel dolor placeat.', '646.4', 459, 8, 1, LOAD_FILE('/home/sarahi/Documentos/crm-igf-cop/test/datos_test/cc32b6b9c0dd8ab10c672c8e3d538b9e.jpg'), 'image/jpeg', 1);
INSERT INTO producto (`id`, `codigo`, `nombre`, `descripcion`, `precio`, `existencias`, `categoria_id`, `genero`, `imagen`, `content_type_imagen`, `active`) VALUES (9, 'z4482', 'Berge Inc', 'Modi nesciunt qui voluptate maiores quia.', '223.3', 30, 14, 3, LOAD_FILE('/home/sarahi/Documentos/crm-igf-cop/test/datos_test/0fd8afce9de48684ff359bcd1ef5f1d1.jpg'), 'image/jpeg', 1);
INSERT INTO producto (`id`, `codigo`, `nombre`, `descripcion`, `precio`, `existencias`, `categoria_id`, `genero`, `imagen`, `content_type_imagen`, `active`) VALUES (10, 'b9112', 'Rowe, Mueller and Denesik', 'Nihil voluptas voluptatem corporis similique.', '626.81', 73, 13, 2, LOAD_FILE('/home/sarahi/Documentos/crm-igf-cop/test/datos_test/307a4128b395e3392f0cb99cbd28e200.jpg'), 'image/jpeg', 1);
INSERT INTO producto (`id`, `codigo`, `nombre`, `descripcion`, `precio`, `existencias`, `categoria_id`, `genero`, `imagen`, `content_type_imagen`, `active`) VALUES (11, 'h4552', 'Ritchie, Johns and Hegmann', 'Sint dolorem error veniam inventore assumenda expedita ut.', '352.9', 494, 12, 2, LOAD_FILE('/home/sarahi/Documentos/crm-igf-cop/test/datos_test/3596abb72986ef06fc5b4bc30ccb25ab.jpg'), 'image/jpeg', 1);
INSERT INTO producto (`id`, `codigo`, `nombre`, `descripcion`, `precio`, `existencias`, `categoria_id`, `genero`, `imagen`, `content_type_imagen`, `active`) VALUES (12, 'b5283', 'Lehner-Nader', 'Nemo quia id consequatur dicta nobis et nam.', '490.49', 285, 7, 3, LOAD_FILE('/home/sarahi/Documentos/crm-igf-cop/test/datos_test/e6f659568676733bf9695f78960c4866.jpg'), 'image/jpeg', 1);
INSERT INTO producto (`id`, `codigo`, `nombre`, `descripcion`, `precio`, `existencias`, `categoria_id`, `genero`, `imagen`, `content_type_imagen`, `active`) VALUES (13, 'w1986', 'Hilpert-Thiel', 'Mollitia sunt impedit ipsum dolor ea culpa.', '400', 457, 10, 3, LOAD_FILE('/home/sarahi/Documentos/crm-igf-cop/test/datos_test/5b9d120f64e60f6847c75629ed2c51ae.jpg'), 'image/jpeg', 1);
INSERT INTO producto (`id`, `codigo`, `nombre`, `descripcion`, `precio`, `existencias`, `categoria_id`, `genero`, `imagen`, `content_type_imagen`, `active`) VALUES (14, 'm1696', 'VonRueden, Hickle and Heller', 'Ea sunt consequatur quam et velit quia sit aut.', '861.55', 141, 15, 2, LOAD_FILE('/home/sarahi/Documentos/crm-igf-cop/test/datos_test/d2ef93476593e3e4ec345e51bf5538fe.jpg'), 'image/jpeg', 1);
INSERT INTO producto (`id`, `codigo`, `nombre`, `descripcion`, `precio`, `existencias`, `categoria_id`, `genero`, `imagen`, `content_type_imagen`, `active`) VALUES (15, 'i8828', 'Johnson LLC', 'Facere itaque sit occaecati quo quis libero.', '36.61', 261, 1, 2, LOAD_FILE('/home/sarahi/Documentos/crm-igf-cop/test/datos_test/77c9bdc496c99680928334ee9f91b9a6.jpg'), 'image/jpeg', 1);
INSERT INTO producto (`id`, `codigo`, `nombre`, `descripcion`, `precio`, `existencias`, `categoria_id`, `genero`, `imagen`, `content_type_imagen`, `active`) VALUES (16, 'k4951', 'Lang, Heller and Kunze', 'Ut expedita non libero.', '137.59', 264, 12, 1, LOAD_FILE('/home/sarahi/Documentos/crm-igf-cop/test/datos_test/c13500c8bf42263a2f3e54c8022cf34c.jpg'), 'image/jpeg', 1);
INSERT INTO producto (`id`, `codigo`, `nombre`, `descripcion`, `precio`, `existencias`, `categoria_id`, `genero`, `imagen`, `content_type_imagen`, `active`) VALUES (17, 'r5690', 'Miller, Lang and Ankunding', 'Ducimus sint voluptatibus quo.', '800.12', 353, 11, 2, LOAD_FILE('/home/sarahi/Documentos/crm-igf-cop/test/datos_test/e5a146b84087ae45ac3d108d990d4eed.jpg'), 'image/jpeg', 1);
INSERT INTO producto (`id`, `codigo`, `nombre`, `descripcion`, `precio`, `existencias`, `categoria_id`, `genero`, `imagen`, `content_type_imagen`, `active`) VALUES (18, 'z4429', 'Heidenreich, Denesik and Abbott', 'Ratione asperiores qui sit delectus.', '639.62', 464, 2, 3, LOAD_FILE('/home/sarahi/Documentos/crm-igf-cop/test/datos_test/d0e3a1c1992be414974be3862eb0b1cf.jpg'), 'image/jpeg', 1);
INSERT INTO producto (`id`, `codigo`, `nombre`, `descripcion`, `precio`, `existencias`, `categoria_id`, `genero`, `imagen`, `content_type_imagen`, `active`) VALUES (19, 'y5689', 'Brakus Ltd', 'Et quis beatae sit.', '151.13', 407, 7, 2, LOAD_FILE('/home/sarahi/Documentos/crm-igf-cop/test/datos_test/3691457b272b9e0b4a88c106d142d579.jpg'), 'image/jpeg', 1);
INSERT INTO producto (`id`, `codigo`, `nombre`, `descripcion`, `precio`, `existencias`, `categoria_id`, `genero`, `imagen`, `content_type_imagen`, `active`) VALUES (20, 'z7750', 'Fay-Hoeger', 'Sed vero natus non eum consequuntur repellat et eum.', '44.67', 132, 16, 3, LOAD_FILE('/home/sarahi/Documentos/crm-igf-cop/test/datos_test/0188448d0d2a97cc13df1a9f63d913d0.jpg'), 'image/jpeg', 1);
INSERT INTO producto (`id`, `codigo`, `nombre`, `descripcion`, `precio`, `existencias`, `categoria_id`, `genero`, `imagen`, `content_type_imagen`, `active`) VALUES (21, 'p6921', 'Stroman, Becker and Prohaska', 'A sunt consequatur ea magni.', '577.66', 56, 3, 2, LOAD_FILE('/home/sarahi/Documentos/crm-igf-cop/test/datos_test/06365bb5cfe00344ac05cd1b0bcc5fb7.jpg'), 'image/jpeg', 1);
INSERT INTO producto (`id`, `codigo`, `nombre`, `descripcion`, `precio`, `existencias`, `categoria_id`, `genero`, `imagen`, `content_type_imagen`, `active`) VALUES (22, 'z5581', 'Koelpin, Boyer and Bode', 'Omnis quae veritatis dolores quaerat dolorem quia.', '631.27', 73, 20, 2, LOAD_FILE('/home/sarahi/Documentos/crm-igf-cop/test/datos_test/ba906d9cfa53d895a5ad5bdaf8a3d35b.jpg'), 'image/jpeg', 1);
INSERT INTO producto (`id`, `codigo`, `nombre`, `descripcion`, `precio`, `existencias`, `categoria_id`, `genero`, `imagen`, `content_type_imagen`, `active`) VALUES (23, 'b0570', 'Berge-Leffler', 'Eum porro ipsum voluptatem accusamus illum voluptate facilis placeat.', '296.75', 401, 11, 2, LOAD_FILE('/home/sarahi/Documentos/crm-igf-cop/test/datos_test/ac5dd433e809149882299476da816a14.jpg'), 'image/jpeg', 1);
INSERT INTO producto (`id`, `codigo`, `nombre`, `descripcion`, `precio`, `existencias`, `categoria_id`, `genero`, `imagen`, `content_type_imagen`, `active`) VALUES (24, 'o1534', 'Kihn, West and Conroy', 'Earum et id debitis consequatur et molestias aut.', '893.93', 270, 11, 3, LOAD_FILE('/home/sarahi/Documentos/crm-igf-cop/test/datos_test/7f0638f1a3e417dc45975e8da5c3eaaf.jpg'), 'image/jpeg', 1);
INSERT INTO producto (`id`, `codigo`, `nombre`, `descripcion`, `precio`, `existencias`, `categoria_id`, `genero`, `imagen`, `content_type_imagen`, `active`) VALUES (25, 't8033', 'Fahey-Cummerata', 'Perferendis eos dignissimos ea qui aliquam sed.', '884.12', 219, 17, 2, LOAD_FILE('/home/sarahi/Documentos/crm-igf-cop/test/datos_test/5660f78d4309adbc06eaf04b58b11ec2.jpg'), 'image/jpeg', 1);
INSERT INTO producto (`id`, `codigo`, `nombre`, `descripcion`, `precio`, `existencias`, `categoria_id`, `genero`, `imagen`, `content_type_imagen`, `active`) VALUES (26, 'u7962', 'Weissnat LLC', 'Sunt voluptas ut consequatur ea esse cupiditate repellat.', '440.9', 423, 16, 1, LOAD_FILE('/home/sarahi/Documentos/crm-igf-cop/test/datos_test/c6a3e0d7dba4f30dd768c88442c94a51.jpg'), 'image/jpeg', 1);
INSERT INTO producto (`id`, `codigo`, `nombre`, `descripcion`, `precio`, `existencias`, `categoria_id`, `genero`, `imagen`, `content_type_imagen`, `active`) VALUES (27, 's6109', 'Gleichner-Wunsch', 'Pariatur deserunt consectetur quia blanditiis ipsa.', '542.38', 137, 13, 3, LOAD_FILE('/home/sarahi/Documentos/crm-igf-cop/test/datos_test/eb8f9c895549df565f27334b9b31a0d5.jpg'), 'image/jpeg', 1);
INSERT INTO producto (`id`, `codigo`, `nombre`, `descripcion`, `precio`, `existencias`, `categoria_id`, `genero`, `imagen`, `content_type_imagen`, `active`) VALUES (28, 'z6663', 'Mertz, Torp and Monahan', 'Corrupti ea adipisci odio quia.', '692.19', 345, 18, 2, LOAD_FILE('/home/sarahi/Documentos/crm-igf-cop/test/datos_test/ad9843dee5f0da7e2efbe8e93a8a8c82.jpg'), 'image/jpeg', 1);
INSERT INTO producto (`id`, `codigo`, `nombre`, `descripcion`, `precio`, `existencias`, `categoria_id`, `genero`, `imagen`, `content_type_imagen`, `active`) VALUES (29, 'l6025', 'Herman-Towne', 'Ea sed debitis et aut non.', '587.86', 316, 2, 2, LOAD_FILE('/home/sarahi/Documentos/crm-igf-cop/test/datos_test/2878c4d8fd126afa10710be2bd3035b4.jpg'), 'image/jpeg', 1);
INSERT INTO producto (`id`, `codigo`, `nombre`, `descripcion`, `precio`, `existencias`, `categoria_id`, `genero`, `imagen`, `content_type_imagen`, `active`) VALUES (30, 'c3866', 'Abshire, Parisian and Grady', 'Quibusdam animi voluptatem fugiat ipsum ab enim sint.', '110.7', 11, 13, 2, LOAD_FILE('/home/sarahi/Documentos/crm-igf-cop/test/datos_test/302d6b0780d9636ec7606af24c7e1fdc.jpg'), 'image/jpeg', 1);
INSERT INTO producto (`id`, `codigo`, `nombre`, `descripcion`, `precio`, `existencias`, `categoria_id`, `genero`, `imagen`, `content_type_imagen`, `active`) VALUES (31, 'b3896', 'Green, Bogan and Stiedemann', 'Dolor dignissimos officiis eos recusandae est velit magni.', '82.46', 486, 4, 2, LOAD_FILE('/home/sarahi/Documentos/crm-igf-cop/test/datos_test/73c884f6e4a279d42a6fd8ca22f0bb19.jpg'), 'image/jpeg', 1);
INSERT INTO producto (`id`, `codigo`, `nombre`, `descripcion`, `precio`, `existencias`, `categoria_id`, `genero`, `imagen`, `content_type_imagen`, `active`) VALUES (32, 't8558', 'Collier-Ernser', 'Alias ea est at beatae delectus.', '264.88', 261, 18, 3, LOAD_FILE('/home/sarahi/Documentos/crm-igf-cop/test/datos_test/8e7c181986195f23af4031af73e725e6.jpg'), 'image/jpeg', 1);
INSERT INTO producto (`id`, `codigo`, `nombre`, `descripcion`, `precio`, `existencias`, `categoria_id`, `genero`, `imagen`, `content_type_imagen`, `active`) VALUES (33, 'x8566', 'Botsford-Smith', 'Maiores quod voluptate itaque quia.', '843.03', 156, 7, 1, LOAD_FILE('/home/sarahi/Documentos/crm-igf-cop/test/datos_test/0fb7d9e23b1320ff04a017fa2dbb96a3.jpg'), 'image/jpeg', 1);
INSERT INTO producto (`id`, `codigo`, `nombre`, `descripcion`, `precio`, `existencias`, `categoria_id`, `genero`, `imagen`, `content_type_imagen`, `active`) VALUES (34, 'k5261', 'Dickens-Balistreri', 'Harum sit incidunt distinctio est vitae soluta ullam.', '805.25', 406, 7, 1, LOAD_FILE('/home/sarahi/Documentos/crm-igf-cop/test/datos_test/515669e622af19121a73c17470be0985.jpg'), 'image/jpeg', 1);
INSERT INTO producto (`id`, `codigo`, `nombre`, `descripcion`, `precio`, `existencias`, `categoria_id`, `genero`, `imagen`, `content_type_imagen`, `active`) VALUES (35, 'x5421', 'Zboncak, Harber and Bogan', 'Rerum in et mollitia enim officia voluptatem et.', '879.45', 181, 14, 1, LOAD_FILE('/home/sarahi/Documentos/crm-igf-cop/test/datos_test/abe3870cc5c6cc94a604710571ef4086.jpg'), 'image/jpeg', 1);
INSERT INTO producto (`id`, `codigo`, `nombre`, `descripcion`, `precio`, `existencias`, `categoria_id`, `genero`, `imagen`, `content_type_imagen`, `active`) VALUES (36, 'z1580', 'Berge-Marvin', 'Cum numquam voluptatum eum.', '783.93', 220, 2, 3, LOAD_FILE('/home/sarahi/Documentos/crm-igf-cop/test/datos_test/0fd1060821b2eef5b68469974690edf4.jpg'), 'image/jpeg', 1);
INSERT INTO producto (`id`, `codigo`, `nombre`, `descripcion`, `precio`, `existencias`, `categoria_id`, `genero`, `imagen`, `content_type_imagen`, `active`) VALUES (37, 'c6574', 'Wyman Ltd', 'Aut dolore quis quia ex.', '412.54', 36, 12, 1, LOAD_FILE('/home/sarahi/Documentos/crm-igf-cop/test/datos_test/c8ad34eb142d2b4f4a088bf511520257.jpg'), 'image/jpeg', 1);
INSERT INTO producto (`id`, `codigo`, `nombre`, `descripcion`, `precio`, `existencias`, `categoria_id`, `genero`, `imagen`, `content_type_imagen`, `active`) VALUES (38, 'y0589', 'Kilback Inc', 'Dolorum deserunt nostrum qui maiores ut.', '800.05', 37, 10, 3, LOAD_FILE('/home/sarahi/Documentos/crm-igf-cop/test/datos_test/225ad3db57453cedaeb256f06ed1ad65.jpg'), 'image/jpeg', 1);
INSERT INTO producto (`id`, `codigo`, `nombre`, `descripcion`, `precio`, `existencias`, `categoria_id`, `genero`, `imagen`, `content_type_imagen`, `active`) VALUES (39, 's4762', 'Bechtelar-McLaughlin', 'Corrupti aut sed natus alias quia nam similique.', '828.36', 23, 10, 2, LOAD_FILE('/home/sarahi/Documentos/crm-igf-cop/test/datos_test/923d4a8f72ff3cd60926ea2c6a4752c6.jpg'), 'image/jpeg', 1);
INSERT INTO producto (`id`, `codigo`, `nombre`, `descripcion`, `precio`, `existencias`, `categoria_id`, `genero`, `imagen`, `content_type_imagen`, `active`) VALUES (40, 'i7855', 'Marquardt-Moore', 'Porro unde accusamus officia dignissimos molestiae modi et.', '952.45', 169, 6, 2, LOAD_FILE('/home/sarahi/Documentos/crm-igf-cop/test/datos_test/331b814978475ac8dd7494c2f9274075.jpg'), 'image/jpeg', 1);
INSERT INTO producto (`id`, `codigo`, `nombre`, `descripcion`, `precio`, `existencias`, `categoria_id`, `genero`, `imagen`, `content_type_imagen`, `active`) VALUES (41, 'l3628', 'Christiansen-Kulas', 'Porro saepe est praesentium sed est dolores enim.', '786.16', 301, 3, 2, LOAD_FILE('/home/sarahi/Documentos/crm-igf-cop/test/datos_test/b2784aaccc7d29512db691dc3f50d5d8.jpg'), 'image/jpeg', 1);
INSERT INTO producto (`id`, `codigo`, `nombre`, `descripcion`, `precio`, `existencias`, `categoria_id`, `genero`, `imagen`, `content_type_imagen`, `active`) VALUES (42, 'c8572', 'Grant, Legros and Kuvalis', 'Eius esse aut culpa et rerum enim possimus alias.', '713.8', 9, 1, 2, LOAD_FILE('/home/sarahi/Documentos/crm-igf-cop/test/datos_test/e366fa7d31f7a6fd50604d783e363502.jpg'), 'image/jpeg', 1);
INSERT INTO producto (`id`, `codigo`, `nombre`, `descripcion`, `precio`, `existencias`, `categoria_id`, `genero`, `imagen`, `content_type_imagen`, `active`) VALUES (43, 'v7152', 'Hauck-Walker', 'Nemo facilis aliquid nihil aut.', '688.51', 438, 12, 3, LOAD_FILE('/home/sarahi/Documentos/crm-igf-cop/test/datos_test/e2bf7fde6cc81e653ba0c8c2bc903191.jpg'), 'image/jpeg', 1);
INSERT INTO producto (`id`, `codigo`, `nombre`, `descripcion`, `precio`, `existencias`, `categoria_id`, `genero`, `imagen`, `content_type_imagen`, `active`) VALUES (44, 'x8177', 'Powlowski Inc', 'Rem id in dolorem vel explicabo ut similique dolor.', '848.17', 178, 12, 2, LOAD_FILE('/home/sarahi/Documentos/crm-igf-cop/test/datos_test/03c9c689f4e9384660bb7890bf8e3b8f.jpg'), 'image/jpeg', 1);
INSERT INTO producto (`id`, `codigo`, `nombre`, `descripcion`, `precio`, `existencias`, `categoria_id`, `genero`, `imagen`, `content_type_imagen`, `active`) VALUES (45, 'b0227', 'Larkin Inc', 'Sint tempore eos adipisci.', '569.45', 59, 15, 3, LOAD_FILE('/home/sarahi/Documentos/crm-igf-cop/test/datos_test/0260c68a11bbc1ae1993d1afa55a4114.jpg'), 'image/jpeg', 1);
INSERT INTO producto (`id`, `codigo`, `nombre`, `descripcion`, `precio`, `existencias`, `categoria_id`, `genero`, `imagen`, `content_type_imagen`, `active`) VALUES (46, 'v2891', 'Franecki and Sons', 'Ratione non aspernatur exercitationem est est consequatur eius culpa.', '967.84', 98, 13, 1, LOAD_FILE('/home/sarahi/Documentos/crm-igf-cop/test/datos_test/4ee30b27eb233c2448dccc61a8c8623f.jpg'), 'image/jpeg', 1);
INSERT INTO producto (`id`, `codigo`, `nombre`, `descripcion`, `precio`, `existencias`, `categoria_id`, `genero`, `imagen`, `content_type_imagen`, `active`) VALUES (47, 'c0597', 'Lang, Wolf and Parisian', 'Et sit non eos est ipsam.', '865.48', 175, 3, 3, LOAD_FILE('/home/sarahi/Documentos/crm-igf-cop/test/datos_test/f7bb9b4ee71ba24f4ebe3a418c241df1.jpg'), 'image/jpeg', 1);
INSERT INTO producto (`id`, `codigo`, `nombre`, `descripcion`, `precio`, `existencias`, `categoria_id`, `genero`, `imagen`, `content_type_imagen`, `active`) VALUES (48, 'l9709', 'Schaden Inc', 'Blanditiis perspiciatis et dicta.', '790.62', 66, 6, 1, LOAD_FILE('/home/sarahi/Documentos/crm-igf-cop/test/datos_test/244baf517a3443554d6f808baf37c341.jpg'), 'image/jpeg', 1);
INSERT INTO producto (`id`, `codigo`, `nombre`, `descripcion`, `precio`, `existencias`, `categoria_id`, `genero`, `imagen`, `content_type_imagen`, `active`) VALUES (49, 'q2332', 'Haley-Greenfelder', 'Dolorem nihil amet dolores.', '103.05', 442, 14, 2, LOAD_FILE('/home/sarahi/Documentos/crm-igf-cop/test/datos_test/fba072d3d0a3797f4142974539443354.jpg'), 'image/jpeg', 1);
INSERT INTO producto (`id`, `codigo`, `nombre`, `descripcion`, `precio`, `existencias`, `categoria_id`, `genero`, `imagen`, `content_type_imagen`, `active`) VALUES (50, 't9910', 'Miller LLC', 'Explicabo provident deleniti quia minus.', '652.32', 472, 10, 3, LOAD_FILE('/home/sarahi/Documentos/crm-igf-cop/test/datos_test/3d57eeb3f92bb970c74ee03f41ffeaf3.jpg'), 'image/jpeg', 1);
INSERT INTO producto (`id`, `codigo`, `nombre`, `descripcion`, `precio`, `existencias`, `categoria_id`, `genero`, `imagen`, `content_type_imagen`, `active`) VALUES (51, 'h0092', 'Lesch PLC', 'Asperiores cum consectetur sunt quibusdam aliquam explicabo qui.', '237.32', 72, 1, 3, LOAD_FILE('/home/sarahi/Documentos/crm-igf-cop/test/datos_test/eadecd38fc2906527abbe555d8391e63.jpg'), 'image/jpeg', 1);
INSERT INTO producto (`id`, `codigo`, `nombre`, `descripcion`, `precio`, `existencias`, `categoria_id`, `genero`, `imagen`, `content_type_imagen`, `active`) VALUES (52, 'p0810', 'Johns PLC', 'Sequi tenetur nihil ut amet enim voluptatem dolores.', '967.9', 381, 16, 1, LOAD_FILE('/home/sarahi/Documentos/crm-igf-cop/test/datos_test/7854e6ec199bb777be641d873b32710f.jpg'), 'image/jpeg', 1);
INSERT INTO producto (`id`, `codigo`, `nombre`, `descripcion`, `precio`, `existencias`, `categoria_id`, `genero`, `imagen`, `content_type_imagen`, `active`) VALUES (53, 's7625', 'Fritsch Ltd', 'Laboriosam labore doloribus occaecati recusandae numquam.', '921.13', 339, 10, 1, LOAD_FILE('/home/sarahi/Documentos/crm-igf-cop/test/datos_test/688f39da36acba2717c601b55e78b6f6.jpg'), 'image/jpeg', 1);
INSERT INTO producto (`id`, `codigo`, `nombre`, `descripcion`, `precio`, `existencias`, `categoria_id`, `genero`, `imagen`, `content_type_imagen`, `active`) VALUES (54, 'd5345', 'Gleason Inc', 'Labore rerum cumque ducimus porro laborum iste.', '633.5', 41, 12, 3, LOAD_FILE('/home/sarahi/Documentos/crm-igf-cop/test/datos_test/185bf5499cbc35d21658db35ac784ee0.jpg'), 'image/jpeg', 1);
INSERT INTO producto (`id`, `codigo`, `nombre`, `descripcion`, `precio`, `existencias`, `categoria_id`, `genero`, `imagen`, `content_type_imagen`, `active`) VALUES (55, 'g8044', 'Bernier, Ryan and Barton', 'Est pariatur harum qui ut voluptatem.', '387.67', 341, 7, 3, LOAD_FILE('/home/sarahi/Documentos/crm-igf-cop/test/datos_test/c69207f857623f33068ba60cccd06aab.jpg'), 'image/jpeg', 1);
INSERT INTO producto (`id`, `codigo`, `nombre`, `descripcion`, `precio`, `existencias`, `categoria_id`, `genero`, `imagen`, `content_type_imagen`, `active`) VALUES (56, 'r3984', 'Weber LLC', 'Laudantium iste dolore autem et qui in.', '355.76', 277, 6, 3, LOAD_FILE('/home/sarahi/Documentos/crm-igf-cop/test/datos_test/037c019a5a31386c7ff542ad22ee409d.jpg'), 'image/jpeg', 1);
INSERT INTO producto (`id`, `codigo`, `nombre`, `descripcion`, `precio`, `existencias`, `categoria_id`, `genero`, `imagen`, `content_type_imagen`, `active`) VALUES (57, 'q0093', 'West LLC', 'Nam ut in molestiae commodi ut totam.', '30.6', 444, 7, 3, LOAD_FILE('/home/sarahi/Documentos/crm-igf-cop/test/datos_test/e081e2fc3c080b765796474277b9f79f.jpg'), 'image/jpeg', 1);
INSERT INTO producto (`id`, `codigo`, `nombre`, `descripcion`, `precio`, `existencias`, `categoria_id`, `genero`, `imagen`, `content_type_imagen`, `active`) VALUES (58, 'g6735', 'Kunde-O\'Keefe', 'Deleniti nesciunt porro aut.', '748.46', 273, 20, 2, LOAD_FILE('/home/sarahi/Documentos/crm-igf-cop/test/datos_test/340d713aec4908580700ab566cf0cf6f.jpg'), 'image/jpeg', 1);
INSERT INTO producto (`id`, `codigo`, `nombre`, `descripcion`, `precio`, `existencias`, `categoria_id`, `genero`, `imagen`, `content_type_imagen`, `active`) VALUES (59, 'a6031', 'Marks-Fisher', 'Vero omnis aut qui est et unde expedita.', '948.1', 207, 4, 2, LOAD_FILE('/home/sarahi/Documentos/crm-igf-cop/test/datos_test/080b5f7bc7dab46bbc3cfd6c0f14be6d.jpg'), 'image/jpeg', 1);
INSERT INTO producto (`id`, `codigo`, `nombre`, `descripcion`, `precio`, `existencias`, `categoria_id`, `genero`, `imagen`, `content_type_imagen`, `active`) VALUES (60, 'h4487', 'Ziemann LLC', 'Earum at porro et dolor velit et.', '89.77', 371, 9, 2, LOAD_FILE('/home/sarahi/Documentos/crm-igf-cop/test/datos_test/1f1ea0828058f30d3c2228d2cd9fbcd1.jpg'), 'image/jpeg', 1);
INSERT INTO producto (`id`, `codigo`, `nombre`, `descripcion`, `precio`, `existencias`, `categoria_id`, `genero`, `imagen`, `content_type_imagen`, `active`) VALUES (61, 'q6876', 'Stark-Schiller', 'Quis maiores dignissimos dolorem.', '352.17', 158, 13, 1, LOAD_FILE('/home/sarahi/Documentos/crm-igf-cop/test/datos_test/74f3e99b0f77995052fe62e1b21dfe96.jpg'), 'image/jpeg', 1);
INSERT INTO producto (`id`, `codigo`, `nombre`, `descripcion`, `precio`, `existencias`, `categoria_id`, `genero`, `imagen`, `content_type_imagen`, `active`) VALUES (62, 'r9922', 'Mraz, Carter and Miller', 'Quasi voluptates sapiente magnam voluptates consequuntur.', '261.26', 406, 8, 1, LOAD_FILE('/home/sarahi/Documentos/crm-igf-cop/test/datos_test/700fad90c6cda50ac50ce07af831aff8.jpg'), 'image/jpeg', 1);
INSERT INTO producto (`id`, `codigo`, `nombre`, `descripcion`, `precio`, `existencias`, `categoria_id`, `genero`, `imagen`, `content_type_imagen`, `active`) VALUES (63, 'l1975', 'McKenzie-Gibson', 'Similique quidem possimus aperiam sapiente earum.', '733.31', 81, 6, 1, LOAD_FILE('/home/sarahi/Documentos/crm-igf-cop/test/datos_test/407b5443a11dc0ffa59f62b3bed0ef77.jpg'), 'image/jpeg', 1);
INSERT INTO producto (`id`, `codigo`, `nombre`, `descripcion`, `precio`, `existencias`, `categoria_id`, `genero`, `imagen`, `content_type_imagen`, `active`) VALUES (64, 't3086', 'Hartmann-Hessel', 'Asperiores et maxime sint quisquam aut iste.', '501.25', 228, 19, 2, LOAD_FILE('/home/sarahi/Documentos/crm-igf-cop/test/datos_test/e905da8f6593124a5378b8e772d4ca8e.jpg'), 'image/jpeg', 1);
INSERT INTO producto (`id`, `codigo`, `nombre`, `descripcion`, `precio`, `existencias`, `categoria_id`, `genero`, `imagen`, `content_type_imagen`, `active`) VALUES (65, 'z7857', 'Kessler Inc', 'Non et ratione assumenda qui aut delectus.', '864.35', 186, 14, 1, LOAD_FILE('/home/sarahi/Documentos/crm-igf-cop/test/datos_test/80f0a35c2e8e873d018efaf2942ef58e.jpg'), 'image/jpeg', 1);
INSERT INTO producto (`id`, `codigo`, `nombre`, `descripcion`, `precio`, `existencias`, `categoria_id`, `genero`, `imagen`, `content_type_imagen`, `active`) VALUES (66, 'z4878', 'Schaefer-Cruickshank', 'Fugit ratione porro rerum aut.', '244.85', 7, 20, 3, LOAD_FILE('/home/sarahi/Documentos/crm-igf-cop/test/datos_test/471721849329e5d1f0163d3f6efb9152.jpg'), 'image/jpeg', 1);
INSERT INTO producto (`id`, `codigo`, `nombre`, `descripcion`, `precio`, `existencias`, `categoria_id`, `genero`, `imagen`, `content_type_imagen`, `active`) VALUES (67, 'x3334', 'Boyle-Gulgowski', 'Illum molestiae ipsam voluptate ipsam eos.', '878.36', 54, 1, 3, LOAD_FILE('/home/sarahi/Documentos/crm-igf-cop/test/datos_test/1fba9c7e19330cd9a9e0856df9628550.jpg'), 'image/jpeg', 1);
INSERT INTO producto (`id`, `codigo`, `nombre`, `descripcion`, `precio`, `existencias`, `categoria_id`, `genero`, `imagen`, `content_type_imagen`, `active`) VALUES (68, 'y0766', 'Schneider-Douglas', 'Dolorum enim facere dolor facilis inventore.', '620.94', 421, 6, 1, LOAD_FILE('/home/sarahi/Documentos/crm-igf-cop/test/datos_test/82014a2ec7611958b5f4e028f35195f0.jpg'), 'image/jpeg', 1);
INSERT INTO producto (`id`, `codigo`, `nombre`, `descripcion`, `precio`, `existencias`, `categoria_id`, `genero`, `imagen`, `content_type_imagen`, `active`) VALUES (69, 'g3857', 'Hackett-Littel', 'Enim doloribus cum voluptatem iste enim sunt quia.', '592.93', 48, 10, 1, LOAD_FILE('/home/sarahi/Documentos/crm-igf-cop/test/datos_test/e4306bc71a0832022e16463060906d60.jpg'), 'image/jpeg', 1);
INSERT INTO producto (`id`, `codigo`, `nombre`, `descripcion`, `precio`, `existencias`, `categoria_id`, `genero`, `imagen`, `content_type_imagen`, `active`) VALUES (70, 't7516', 'Greenfelder PLC', 'Quas dolores nemo sapiente sint.', '606.52', 51, 11, 3, LOAD_FILE('/home/sarahi/Documentos/crm-igf-cop/test/datos_test/48bc9723e8d2e027c18acdef3fa31e0f.jpg'), 'image/jpeg', 1);
INSERT INTO producto (`id`, `codigo`, `nombre`, `descripcion`, `precio`, `existencias`, `categoria_id`, `genero`, `imagen`, `content_type_imagen`, `active`) VALUES (71, 'm7820', 'Rowe Group', 'Similique ut dolores sit modi velit deserunt ipsam modi.', '344.04', 273, 11, 3, LOAD_FILE('/home/sarahi/Documentos/crm-igf-cop/test/datos_test/27c83ece6905dcf84da2abe287d73b9f.jpg'), 'image/jpeg', 1);
INSERT INTO producto (`id`, `codigo`, `nombre`, `descripcion`, `precio`, `existencias`, `categoria_id`, `genero`, `imagen`, `content_type_imagen`, `active`) VALUES (72, 'l5164', 'Beahan Inc', 'Eius et ea non eius.', '894.31', 112, 12, 3, LOAD_FILE('/home/sarahi/Documentos/crm-igf-cop/test/datos_test/8bf307ba049ac8790a182ad76c84860a.jpg'), 'image/jpeg', 1);
INSERT INTO producto (`id`, `codigo`, `nombre`, `descripcion`, `precio`, `existencias`, `categoria_id`, `genero`, `imagen`, `content_type_imagen`, `active`) VALUES (73, 'b4112', 'Hessel-Bernhard', 'Tempore tempore qui necessitatibus.', '702.92', 382, 12, 3, LOAD_FILE('/home/sarahi/Documentos/crm-igf-cop/test/datos_test/c012634ddb46d02786d206113c9b98db.jpg'), 'image/jpeg', 1);
INSERT INTO producto (`id`, `codigo`, `nombre`, `descripcion`, `precio`, `existencias`, `categoria_id`, `genero`, `imagen`, `content_type_imagen`, `active`) VALUES (74, 'm7969', 'Weimann-Weber', 'Sit itaque quo perferendis voluptates.', '242.28', 216, 3, 1, LOAD_FILE('/home/sarahi/Documentos/crm-igf-cop/test/datos_test/20fe0bbf91ef2702473b9f49c561b657.jpg'), 'image/jpeg', 1);
INSERT INTO producto (`id`, `codigo`, `nombre`, `descripcion`, `precio`, `existencias`, `categoria_id`, `genero`, `imagen`, `content_type_imagen`, `active`) VALUES (75, 'x0579', 'Rosenbaum, Zemlak and Wiegand', 'Quia sed ut et ipsa possimus dicta.', '668.06', 399, 4, 3, LOAD_FILE('/home/sarahi/Documentos/crm-igf-cop/test/datos_test/3a2c7ef43b03dacaee28dac1d95ced8c.jpg'), 'image/jpeg', 1);
INSERT INTO producto (`id`, `codigo`, `nombre`, `descripcion`, `precio`, `existencias`, `categoria_id`, `genero`, `imagen`, `content_type_imagen`, `active`) VALUES (76, 'k4398', 'Davis, Sauer and Trantow', 'Optio commodi aspernatur velit sint aut.', '502.94', 389, 6, 1, LOAD_FILE('/home/sarahi/Documentos/crm-igf-cop/test/datos_test/66c17d4d9a15abd05071bb52ba11f385.jpg'), 'image/jpeg', 1);
INSERT INTO producto (`id`, `codigo`, `nombre`, `descripcion`, `precio`, `existencias`, `categoria_id`, `genero`, `imagen`, `content_type_imagen`, `active`) VALUES (77, 'z2794', 'Bergstrom, Breitenberg and Gibson', 'Aut id voluptatum perspiciatis autem doloribus optio.', '62.45', 306, 15, 3, LOAD_FILE('/home/sarahi/Documentos/crm-igf-cop/test/datos_test/6a7b01d4d9f5a2ee7f0ddf74a3d88c27.jpg'), 'image/jpeg', 1);
INSERT INTO producto (`id`, `codigo`, `nombre`, `descripcion`, `precio`, `existencias`, `categoria_id`, `genero`, `imagen`, `content_type_imagen`, `active`) VALUES (78, 'h7878', 'Schumm-Gutmann', 'Nihil quo aliquam aut soluta harum.', '93.81', 258, 7, 1, LOAD_FILE('/home/sarahi/Documentos/crm-igf-cop/test/datos_test/5a11d2c22cdf96d4c32a47f6acbce2fa.jpg'), 'image/jpeg', 1);
INSERT INTO producto (`id`, `codigo`, `nombre`, `descripcion`, `precio`, `existencias`, `categoria_id`, `genero`, `imagen`, `content_type_imagen`, `active`) VALUES (79, 'q7279', 'Collier and Sons', 'Sit rerum id et.', '763.79', 326, 12, 2, LOAD_FILE('/home/sarahi/Documentos/crm-igf-cop/test/datos_test/bc9df039c7b2b86d4cb07656388c5225.jpg'), 'image/jpeg', 1);
INSERT INTO producto (`id`, `codigo`, `nombre`, `descripcion`, `precio`, `existencias`, `categoria_id`, `genero`, `imagen`, `content_type_imagen`, `active`) VALUES (80, 'x4727', 'Mueller-Nicolas', 'Nesciunt distinctio suscipit iusto facere.', '333.53', 32, 8, 2, LOAD_FILE('/home/sarahi/Documentos/crm-igf-cop/test/datos_test/3f4a99aadbfb2f0b00676462f1ea1631.jpg'), 'image/jpeg', 1);
INSERT INTO producto (`id`, `codigo`, `nombre`, `descripcion`, `precio`, `existencias`, `categoria_id`, `genero`, `imagen`, `content_type_imagen`, `active`) VALUES (81, 'j8259', 'Jenkins-D\'Amore', 'Vel minus sunt quia et corrupti quod unde.', '726.64', 381, 16, 3, LOAD_FILE('/home/sarahi/Documentos/crm-igf-cop/test/datos_test/f5cd0fedb5f838f445ccc2bec795d89e.jpg'), 'image/jpeg', 1);
INSERT INTO producto (`id`, `codigo`, `nombre`, `descripcion`, `precio`, `existencias`, `categoria_id`, `genero`, `imagen`, `content_type_imagen`, `active`) VALUES (82, 'w0323', 'Marvin, Smith and Lindgren', 'Deserunt tempore totam expedita nostrum iure.', '704.4', 255, 13, 1, LOAD_FILE('/home/sarahi/Documentos/crm-igf-cop/test/datos_test/440648e3908cfd4fe6c16db559a50da8.jpg'), 'image/jpeg', 1);
INSERT INTO producto (`id`, `codigo`, `nombre`, `descripcion`, `precio`, `existencias`, `categoria_id`, `genero`, `imagen`, `content_type_imagen`, `active`) VALUES (83, 'k8965', 'Douglas-Lehner', 'Pariatur minima quam reprehenderit vitae odio optio maiores.', '526.31', 137, 4, 1, LOAD_FILE('/home/sarahi/Documentos/crm-igf-cop/test/datos_test/d8f59ccc282b4bee61640cdec8d6b4b5.jpg'), 'image/jpeg', 1);
INSERT INTO producto (`id`, `codigo`, `nombre`, `descripcion`, `precio`, `existencias`, `categoria_id`, `genero`, `imagen`, `content_type_imagen`, `active`) VALUES (84, 'j7884', 'Hayes-Grimes', 'Quam sit dolor assumenda non autem.', '479.9', 136, 5, 3, LOAD_FILE('/home/sarahi/Documentos/crm-igf-cop/test/datos_test/fab8498423f5c494b9aa4362ccd9d647.jpg'), 'image/jpeg', 1);
INSERT INTO producto (`id`, `codigo`, `nombre`, `descripcion`, `precio`, `existencias`, `categoria_id`, `genero`, `imagen`, `content_type_imagen`, `active`) VALUES (85, 't8487', 'Douglas-Considine', 'Inventore quia eum et quaerat alias.', '753.84', 457, 4, 3, LOAD_FILE('/home/sarahi/Documentos/crm-igf-cop/test/datos_test/d2f88882faea4d2c9b8559c50ade50d6.jpg'), 'image/jpeg', 1);
INSERT INTO producto (`id`, `codigo`, `nombre`, `descripcion`, `precio`, `existencias`, `categoria_id`, `genero`, `imagen`, `content_type_imagen`, `active`) VALUES (86, 'b4821', 'Satterfield-Jones', 'Eaque pariatur omnis laboriosam alias perspiciatis.', '240.3', 105, 11, 3, LOAD_FILE('/home/sarahi/Documentos/crm-igf-cop/test/datos_test/8d9ec3eabde19376907af0c6e86f3cee.jpg'), 'image/jpeg', 1);
INSERT INTO producto (`id`, `codigo`, `nombre`, `descripcion`, `precio`, `existencias`, `categoria_id`, `genero`, `imagen`, `content_type_imagen`, `active`) VALUES (87, 'm7820', 'Casper-Goodwin', 'Est doloribus eum repellat facere soluta quasi vero.', '537.84', 62, 11, 2, LOAD_FILE('/home/sarahi/Documentos/crm-igf-cop/test/datos_test/5ba82931fb6944381ab176c8d6a91417.jpg'), 'image/jpeg', 1);
INSERT INTO producto (`id`, `codigo`, `nombre`, `descripcion`, `precio`, `existencias`, `categoria_id`, `genero`, `imagen`, `content_type_imagen`, `active`) VALUES (88, 'j3210', 'Johns, Goyette and Bergstrom', 'Veritatis quam doloribus deserunt iure magni quae.', '661.47', 186, 11, 2, LOAD_FILE('/home/sarahi/Documentos/crm-igf-cop/test/datos_test/82cdb584b40387e8ad6aae46524d1131.jpg'), 'image/jpeg', 1);
INSERT INTO producto (`id`, `codigo`, `nombre`, `descripcion`, `precio`, `existencias`, `categoria_id`, `genero`, `imagen`, `content_type_imagen`, `active`) VALUES (89, 'e9445', 'Runte-Beatty', 'Error non veritatis aut ut ratione molestiae.', '507.61', 158, 10, 3, LOAD_FILE('/home/sarahi/Documentos/crm-igf-cop/test/datos_test/c32e68353e2955220c75a0fabfc45589.jpg'), 'image/jpeg', 1);
INSERT INTO producto (`id`, `codigo`, `nombre`, `descripcion`, `precio`, `existencias`, `categoria_id`, `genero`, `imagen`, `content_type_imagen`, `active`) VALUES (90, 'n2625', 'Walter Group', 'Inventore ex ullam praesentium qui temporibus nihil.', '890.71', 95, 15, 3, LOAD_FILE('/home/sarahi/Documentos/crm-igf-cop/test/datos_test/daec60ad6bb0b3b01a492fdc0b20aab0.jpg'), 'image/jpeg', 1);
INSERT INTO producto (`id`, `codigo`, `nombre`, `descripcion`, `precio`, `existencias`, `categoria_id`, `genero`, `imagen`, `content_type_imagen`, `active`) VALUES (91, 'c5585', 'Robel-Cole', 'Molestias quis accusamus ut et praesentium.', '234.34', 329, 19, 2, LOAD_FILE('/home/sarahi/Documentos/crm-igf-cop/test/datos_test/7917228e27985f87dd15fa4dfc0a2520.jpg'), 'image/jpeg', 1);
INSERT INTO producto (`id`, `codigo`, `nombre`, `descripcion`, `precio`, `existencias`, `categoria_id`, `genero`, `imagen`, `content_type_imagen`, `active`) VALUES (92, 'c2190', 'Zulauf-Purdy', 'Porro id aut nostrum aut expedita et.', '852.41', 240, 2, 1, LOAD_FILE('/home/sarahi/Documentos/crm-igf-cop/test/datos_test/769025b125d6a459451b773b10e24f7f.jpg'), 'image/jpeg', 1);
INSERT INTO producto (`id`, `codigo`, `nombre`, `descripcion`, `precio`, `existencias`, `categoria_id`, `genero`, `imagen`, `content_type_imagen`, `active`) VALUES (93, 'p5135', 'Gorczany-Shanahan', 'Nobis et quia corporis quibusdam.', '820.42', 311, 2, 1, LOAD_FILE('/home/sarahi/Documentos/crm-igf-cop/test/datos_test/77c587a36f0637f4b2f8cf5a86491d5d.jpg'), 'image/jpeg', 1);
INSERT INTO producto (`id`, `codigo`, `nombre`, `descripcion`, `precio`, `existencias`, `categoria_id`, `genero`, `imagen`, `content_type_imagen`, `active`) VALUES (94, 'h9073', 'Watsica-Maggio', 'Quae nemo delectus ratione ut corrupti repellendus quo.', '267.99', 112, 4, 3, LOAD_FILE('/home/sarahi/Documentos/crm-igf-cop/test/datos_test/6fb8ad875002335a55ddc59444357878.jpg'), 'image/jpeg', 1);
INSERT INTO producto (`id`, `codigo`, `nombre`, `descripcion`, `precio`, `existencias`, `categoria_id`, `genero`, `imagen`, `content_type_imagen`, `active`) VALUES (95, 'n1365', 'Rice Group', 'Eos architecto suscipit eum neque excepturi consequatur id.', '987.49', 320, 1, 2, LOAD_FILE('/home/sarahi/Documentos/crm-igf-cop/test/datos_test/05f55d5130e1ea9658e80c3941664f69.jpg'), 'image/jpeg', 1);
INSERT INTO producto (`id`, `codigo`, `nombre`, `descripcion`, `precio`, `existencias`, `categoria_id`, `genero`, `imagen`, `content_type_imagen`, `active`) VALUES (96, 'f7440', 'Kassulke PLC', 'Quia molestias vero dolorem omnis voluptatem eos laborum.', '420.31', 254, 16, 2, LOAD_FILE('/home/sarahi/Documentos/crm-igf-cop/test/datos_test/4d12088ad0ffc7ac263b44cb10a4fdd0.jpg'), 'image/jpeg', 1);
INSERT INTO producto (`id`, `codigo`, `nombre`, `descripcion`, `precio`, `existencias`, `categoria_id`, `genero`, `imagen`, `content_type_imagen`, `active`) VALUES (97, 'q5323', 'Balistreri-Hahn', 'Sint tenetur perferendis iusto natus ab perferendis et.', '760.84', 441, 4, 1, LOAD_FILE('/home/sarahi/Documentos/crm-igf-cop/test/datos_test/0a60492f6420a4529cba2aade4c008fc.jpg'), 'image/jpeg', 1);
INSERT INTO producto (`id`, `codigo`, `nombre`, `descripcion`, `precio`, `existencias`, `categoria_id`, `genero`, `imagen`, `content_type_imagen`, `active`) VALUES (98, 'r0049', 'Ferry, Brekke and Morissette', 'Quibusdam nemo voluptates inventore rerum dolor reiciendis reiciendis quia.', '520.18', 48, 1, 3, LOAD_FILE('/home/sarahi/Documentos/crm-igf-cop/test/datos_test/7c327e6dc1dfcaa050e0176c742aeaca.jpg'), 'image/jpeg', 1);
INSERT INTO producto (`id`, `codigo`, `nombre`, `descripcion`, `precio`, `existencias`, `categoria_id`, `genero`, `imagen`, `content_type_imagen`, `active`) VALUES (99, 'x8616', 'Dickinson and Sons', 'Harum ex neque sed ea odio nesciunt.', '169.97', 130, 1, 1, LOAD_FILE('/home/sarahi/Documentos/crm-igf-cop/test/datos_test/b0dffd3f59a5a29a5c4f83db75af935e.jpg'), 'image/jpeg', 1);
INSERT INTO producto (`id`, `codigo`, `nombre`, `descripcion`, `precio`, `existencias`, `categoria_id`, `genero`, `imagen`, `content_type_imagen`, `active`) VALUES (100, 'l5775', 'Stokes-Kilback', 'Illo aperiam enim ut occaecati.', '629.44', 474, 14, 3, LOAD_FILE('/home/sarahi/Documentos/crm-igf-cop/test/datos_test/92db1dc9bf9c154fd2d75e70c869e765.jpg'), 'image/jpeg', 1);








#ofertas

INSERT INTO oferta (`id`, `codigo`, `nombre`, `fecha_inicio`, `fecha_fin`, `precio`, `descripcion`, `imagen`, `content_type_imagen`, `genero`, `active`) VALUES (1, '0259', 'Realigned intermediate focusgroup', '2016-01-09 12:52:46.000000', '2016-01-09 12:52:46.000000', '703.21', 'Autem consequuntur maxime enim enim vel sed.', LOAD_FILE('/home/sarahi/Documentos/crm-igf-cop/test/datos_test/a70fcb16215e54a10f21e1b5ef104581.jpg'), 'image/jpeg', 1, 1);
INSERT INTO oferta (`id`, `codigo`, `nombre`, `fecha_inicio`, `fecha_fin`, `precio`, `descripcion`, `imagen`, `content_type_imagen`, `genero`, `active`) VALUES (2, '0828', 'Right-sized multi-tasking opensystem', '2016-01-09 12:52:46.000000', '2016-01-09 12:52:46.000000', '918.36', 'Accusamus assumenda tempora sed voluptates optio animi.', LOAD_FILE('/home/sarahi/Documentos/crm-igf-cop/test/datos_test/a9cf846e9b60d86260013ca22a53ecf5.jpg'), 'image/jpeg', 1, 1);
INSERT INTO oferta (`id`, `codigo`, `nombre`, `fecha_inicio`, `fecha_fin`, `precio`, `descripcion`, `imagen`, `content_type_imagen`, `genero`, `active`) VALUES (3, '0104', 'Fundamental context-sensitive concept', '2016-01-09 12:52:46.000000', '2016-01-09 12:52:46.000000', '333.28', 'Tenetur praesentium voluptas amet dicta non mollitia quis reiciendis.', LOAD_FILE('/home/sarahi/Documentos/crm-igf-cop/test/datos_test/85cafbb4e2565248a5475c1639acccc6.jpg'), 'image/jpeg', 3, 1);
INSERT INTO oferta (`id`, `codigo`, `nombre`, `fecha_inicio`, `fecha_fin`, `precio`, `descripcion`, `imagen`, `content_type_imagen`, `genero`, `active`) VALUES (4, '0485', 'Distributed bandwidth-monitored throughput', '2016-01-09 12:52:46.000000', '2016-01-09 12:52:46.000000', '398.97', 'Vero mollitia est corrupti.', LOAD_FILE('/home/sarahi/Documentos/crm-igf-cop/test/datos_test/0857dcdd55526ee469302825a4b31101.jpg'), 'image/jpeg', 3, 1);
INSERT INTO oferta (`id`, `codigo`, `nombre`, `fecha_inicio`, `fecha_fin`, `precio`, `descripcion`, `imagen`, `content_type_imagen`, `genero`, `active`) VALUES (5, '0320', 'Reactive intangible website', '2016-01-09 12:52:46.000000', '2016-01-09 12:52:46.000000', '767.16', 'Adipisci eaque ducimus rerum ut est.', LOAD_FILE('/home/sarahi/Documentos/crm-igf-cop/test/datos_test/f9fe9681391033af90d71cd324118690.jpg'), 'image/jpeg', 2, 1);
INSERT INTO oferta (`id`, `codigo`, `nombre`, `fecha_inicio`, `fecha_fin`, `precio`, `descripcion`, `imagen`, `content_type_imagen`, `genero`, `active`) VALUES (6, '0038', 'Adaptive attitude-oriented moratorium', '2016-01-09 12:52:46.000000', '2016-01-09 12:52:46.000000', '253.82', 'Animi beatae consequatur nihil sed debitis.', LOAD_FILE('/home/srahi/Documentos/crm-igf-cop/test/datos_test/0c872bdbb91d86a29a401cc1033be705.jpg'), 'image/jpeg', 1, 1);
INSERT INTO oferta (`id`, `codigo`, `nombre`, `fecha_inicio`, `fecha_fin`, `precio`, `descripcion`, `imagen`, `content_type_imagen`, `genero`, `active`) VALUES (7, '0074', 'Virtual system-worthy project', '2016-01-09 12:52:46.000000', '2016-01-09 12:52:46.000000', '746.54', 'Dolorum dolorem quod voluptas assumenda rerum.', LOAD_FILE('/home/sarahi/Documentos/crm-igf-cop/test/datos_test/6573e597e6cb94f713151ce47010c3b1.jpg'), 'image/jpeg', 1, 1);
INSERT INTO oferta (`id`, `codigo`, `nombre`, `fecha_inicio`, `fecha_fin`, `precio`, `descripcion`, `imagen`, `content_type_imagen`, `genero`, `active`) VALUES (8, '0910', 'Fundamental transitional methodology', '2016-01-09 12:52:46.000000', '2016-01-09 12:52:46.000000', '488.43', 'Rerum doloribus sunt fuga corporis quia ullam quasi dolores.', LOAD_FILE('/home/sarahi/Documentos/crm-igf-cop/test/datos_test/29ad7ae9e4574a161680d105949d63f0.jpg'), 'image/jpeg', 1, 1);
INSERT INTO oferta (`id`, `codigo`, `nombre`, `fecha_inicio`, `fecha_fin`, `precio`, `descripcion`, `imagen`, `content_type_imagen`, `genero`, `active`) VALUES (9, '0263', 'Ergonomic demand-driven securedline', '2016-01-09 12:52:46.000000', '2016-01-09 12:52:46.000000', '482.3', 'Laudantium at rerum aliquam culpa aut vitae voluptates.', LOAD_FILE('/home/sarahi/Documentos/crm-igf-cop/test/datos_test/1d94504d78631a04054ebc88fac8087c.jpg'), 'image/jpeg', 2, 1);
INSERT INTO oferta (`id`, `codigo`, `nombre`, `fecha_inicio`, `fecha_fin`, `precio`, `descripcion`, `imagen`, `content_type_imagen`, `genero`, `active`) VALUES (10, '0161', 'Secured system-worthy matrix', '2016-01-09 12:52:46.000000', '2016-01-09 12:52:46.000000', '701.53', 'Delectus quod ut repellat labore ipsa molestiae.', LOAD_FILE('/home/sarahi/Documentos/crm-igf-cop/test/datos_test/50d6622971bc837a6e616214497ae950.jpg'), 'image/jpeg', 3, 1);
INSERT INTO oferta (`id`, `codigo`, `nombre`, `fecha_inicio`, `fecha_fin`, `precio`, `descripcion`, `imagen`, `content_type_imagen`, `genero`, `active`) VALUES (11, '0094', 'Assimilated executive ability', '2016-01-09 12:52:46.000000', '2016-01-09 12:52:46.000000', '88.88', 'Non est incidunt quia.', LOAD_FILE('/home/sarahi/Documentos/crm-igf-cop/test/datos_test/f88b78ddbedc492f791aca56731c46ab.jpg'), 'image/jpeg', 1, 1);
INSERT INTO oferta (`id`, `codigo`, `nombre`, `fecha_inicio`, `fecha_fin`, `precio`, `descripcion`, `imagen`, `content_type_imagen`, `genero`, `active`) VALUES (12, '0603', 'Centralized client-driven capacity', '2016-01-09 12:52:46.000000', '2016-01-09 12:52:46.000000', '70.84', 'Eos autem nihil debitis animi.', LOAD_FILE('/home/sarahi/Documentos/crm-igf-cop/test/datos_test/c4016136742685940ea1258538f1fe2b.jpg'), 'image/jpeg', 1, 1);
INSERT INTO oferta (`id`, `codigo`, `nombre`, `fecha_inicio`, `fecha_fin`, `precio`, `descripcion`, `imagen`, `content_type_imagen`, `genero`, `active`) VALUES (13, '0579', 'Secured tertiary localareanetwork', '2016-01-09 12:52:46.000000', '2016-01-09 12:52:46.000000', '914.86', 'Aut delectus illo velit nesciunt rerum sed.', LOAD_FILE('/home/sarahi/Documentos/crm-igf-cop/test/datos_test/45c46ccecf7102ba62ed6ef54f6fa4aa.jpg'), 'image/jpeg', 1, 1);
INSERT INTO oferta (`id`, `codigo`, `nombre`, `fecha_inicio`, `fecha_fin`, `precio`, `descripcion`, `imagen`, `content_type_imagen`, `genero`, `active`) VALUES (14, '0269', 'Balanced bandwidth-monitored hierarchy', '2016-01-09 12:52:46.000000', '2016-01-09 12:52:46.000000', '46.63', 'Architecto at consectetur molestiae soluta officia qui exercitationem natus.', LOAD_FILE('/home/sarahi/Documentos/crm-igf-cop/test/datos_test/0f5ba64ed2e7d318b5be358f1d4bd037.jpg'), 'image/jpeg', 3, 1);
INSERT INTO oferta (`id`, `codigo`, `nombre`, `fecha_inicio`, `fecha_fin`, `precio`, `descripcion`, `imagen`, `content_type_imagen`, `genero`, `active`) VALUES (15, '0049', 'Distributed directional challenge', '2016-01-09 12:52:46.000000', '2016-01-09 12:52:46.000000', '479.03', 'Quia distinctio iste quis aut qui voluptas.', LOAD_FILE('/home/sarahi/Documentos/crm-igf-cop/test/datos_test/d6ef0b9590b4838c3d5fb38ee8e46e9d.jpg'), 'image/jpeg', 2, 1);
INSERT INTO oferta (`id`, `codigo`, `nombre`, `fecha_inicio`, `fecha_fin`, `precio`, `descripcion`, `imagen`, `content_type_imagen`, `genero`, `active`) VALUES (16, '0031', 'Automated optimal groupware', '2016-01-09 12:52:46.000000', '2016-01-09 12:52:46.000000', '886.29', 'Voluptas atque fugit cumque labore perspiciatis.', LOAD_FILE('/home/sarahi/Documentos/crm-igf-cop/test/datos_test/cf1919cac0197050e63834d3b37543f0.jpg'), 'image/jpeg', 2, 1);
INSERT INTO oferta (`id`, `codigo`, `nombre`, `fecha_inicio`, `fecha_fin`, `precio`, `descripcion`, `imagen`, `content_type_imagen`, `genero`, `active`) VALUES (17, '0639', 'Grass-roots content-based localareanetwork', '2016-01-09 12:52:46.000000', '2016-01-09 12:52:46.000000', '602.7', 'Ab praesentium culpa et nulla consequatur.', LOAD_FILE('/home/sarahi/Documentos/crm-igf-cop/test/datos_test/80fe2fd42a5a7419ba61a4abd32010ca.jpg'), 'image/jpeg', 2, 1);
INSERT INTO oferta (`id`, `codigo`, `nombre`, `fecha_inicio`, `fecha_fin`, `precio`, `descripcion`, `imagen`, `content_type_imagen`, `genero`, `active`) VALUES (18, '0203', 'Business-focused value-added moratorium', '2016-01-09 12:52:46.000000', '2016-01-09 12:52:46.000000', '517.33', 'Consequatur ipsa laboriosam ducimus a aut.', LOAD_FILE('/home/sarahi/Documentos/crm-igf-cop/test/datos_test/fa2893c5e61d7672c5f19b5699ea1cf4.jpg'), 'image/jpeg', 1, 1);
INSERT INTO oferta (`id`, `codigo`, `nombre`, `fecha_inicio`, `fecha_fin`, `precio`, `descripcion`, `imagen`, `content_type_imagen`, `genero`, `active`) VALUES (19, '0077', 'Progressive user-facing attitude', '2016-01-09 12:52:46.000000', '2016-01-09 12:52:46.000000', '421.18', 'Excepturi rem dolore qui et est repudiandae quidem.', LOAD_FILE('/home/sarahi/Documentos/crm-igf-cop/test/datos_test/319d4f199d7cb182025ea7523a8208c9.jpg'), 'image/jpeg', 1, 1);
INSERT INTO oferta (`id`, `codigo`, `nombre`, `fecha_inicio`, `fecha_fin`, `precio`, `descripcion`, `imagen`, `content_type_imagen`, `genero`, `active`) VALUES (20, '0664', 'Public-key methodical matrices', '2016-01-09 12:52:46.000000', '2016-01-09 12:52:46.000000', '696.71', 'Quasi eligendi eius eum natus placeat dolorum.', LOAD_FILE('/home/sarahi/Documentos/crm-igf-cop/test/datos_test/a1bccbee2aa9e29fad25870929323598.jpg'), 'image/jpeg', 1, 1);
INSERT INTO oferta (`id`, `codigo`, `nombre`, `fecha_inicio`, `fecha_fin`, `precio`, `descripcion`, `imagen`, `content_type_imagen`, `genero`, `active`) VALUES (21, '0084', 'Cross-platform coherent encryption', '2016-01-09 12:52:46.000000', '2016-01-09 12:52:46.000000', '119.53', 'Molestiae et sint autem rerum pariatur.', LOAD_FILE('/home/sarahi/Documentos/crm-igf-cop/test/datos_test/0bee73688182651cdfec108ee191f0c3.jpg'), 'image/jpeg', 1, 1);
INSERT INTO oferta (`id`, `codigo`, `nombre`, `fecha_inicio`, `fecha_fin`, `precio`, `descripcion`, `imagen`, `content_type_imagen`, `genero`, `active`) VALUES (22, '0146', 'Multi-channelled fault-tolerant hardware', '2016-01-09 12:52:46.000000', '2016-01-09 12:52:46.000000', '338.78', 'Dolor iste provident amet nisi voluptatum voluptatem dicta.', LOAD_FILE('/home/sarahi/Documentos/crm-igf-cop/test/datos_test/75695bd1b724c937fdf396b5422071a2.jpg'), 'image/jpeg', 3, 1);
INSERT INTO oferta (`id`, `codigo`, `nombre`, `fecha_inicio`, `fecha_fin`, `precio`, `descripcion`, `imagen`, `content_type_imagen`, `genero`, `active`) VALUES (23, '0747', 'Multi-tiered context-sensitive matrices', '2016-01-09 12:52:46.000000', '2016-01-09 12:52:46.000000', '194.57', 'Non voluptatem expedita est at itaque.', LOAD_FILE('/home/sarahi/Documentos/crm-igf-cop/test/datos_test/50805d1c6c4ffea16c92bb12f2f18ad6.jpg'), 'image/jpeg', 2, 1);
INSERT INTO oferta (`id`, `codigo`, `nombre`, `fecha_inicio`, `fecha_fin`, `precio`, `descripcion`, `imagen`, `content_type_imagen`, `genero`, `active`) VALUES (24, '0124', 'Phased upward-trending forecast', '2016-01-09 12:52:46.000000', '2016-01-09 12:52:46.000000', '897.84', 'Est dolorem architecto similique dolore ut.', LOAD_FILE('/home/sarahi/Documentos/crm-igf-cop/test/datos_test/b41d083e2ffbddb9b8ef634e0582a5c8.jpg'), 'image/jpeg', 3, 1);
INSERT INTO oferta (`id`, `codigo`, `nombre`, `fecha_inicio`, `fecha_fin`, `precio`, `descripcion`, `imagen`, `content_type_imagen`, `genero`, `active`) VALUES (25, '0469', 'Business-focused secondary definition', '2016-01-09 12:52:46.000000', '2016-01-09 12:52:46.000000', '937.82', 'Omnis similique rerum quibusdam aut.', LOAD_FILE('/home/sarahi/Documentos/crm-igf-cop/test/datos_test/33e95324b03b6beb05ac3c47ccf14d9a.jpg'), 'image/jpeg', 2, 1);
INSERT INTO oferta (`id`, `codigo`, `nombre`, `fecha_inicio`, `fecha_fin`, `precio`, `descripcion`, `imagen`, `content_type_imagen`, `genero`, `active`) VALUES (26, '0922', 'Configurable nextgeneration productivity', '2016-01-09 12:52:46.000000', '2016-01-09 12:52:46.000000', '465.66', 'Aliquid veritatis ea sunt rerum et.', LOAD_FILE('/home/sarahi/Documentos/crm-igf-cop/test/datos_test/bdbaca56a7d0c24d7399cae4b6eb87ec.jpg'), 'image/jpeg', 1, 1);
INSERT INTO oferta (`id`, `codigo`, `nombre`, `fecha_inicio`, `fecha_fin`, `precio`, `descripcion`, `imagen`, `content_type_imagen`, `genero`, `active`) VALUES (27, '0671', 'Implemented global model', '2016-01-09 12:52:46.000000', '2016-01-09 12:52:46.000000', '294.51', 'Velit tempore nobis officia beatae odit rem.', LOAD_FILE('/home/sarahi/Documentos/crm-igf-cop/test/datos_test/121ae02f82af10ce6ba34b4973001e59.jpg'), 'image/jpeg', 2, 1);
INSERT INTO oferta (`id`, `codigo`, `nombre`, `fecha_inicio`, `fecha_fin`, `precio`, `descripcion`, `imagen`, `content_type_imagen`, `genero`, `active`) VALUES (28, '0157', 'Function-based demand-driven interface', '2016-01-09 12:52:46.000000', '2016-01-09 12:52:46.000000', '559.42', 'Quos sed qui distinctio aut earum.', LOAD_FILE('/home/sarahi/Documentos/crm-igf-cop/test/datos_test/26284ec4a9530078d6e1ba544091c515.jpg'), 'image/jpeg', 3, 1);
INSERT INTO oferta (`id`, `codigo`, `nombre`, `fecha_inicio`, `fecha_fin`, `precio`, `descripcion`, `imagen`, `content_type_imagen`, `genero`, `active`) VALUES (29, '0574', 'Reverse-engineered even-keeled intranet', '2016-01-09 12:52:46.000000', '2016-01-09 12:52:46.000000', '703.44', 'Voluptatem rerum voluptatem inventore et ad aspernatur.', LOAD_FILE('/home/sarahi/Documentos/crm-igf-cop/test/datos_test/fd4ce2fb9deb3a43655ce98f088e176f.jpg'), 'image/jpeg', 2, 1);
INSERT INTO oferta (`id`, `codigo`, `nombre`, `fecha_inicio`, `fecha_fin`, `precio`, `descripcion`, `imagen`, `content_type_imagen`, `genero`, `active`) VALUES (30, '0715', 'Vision-oriented 5thgeneration encoding', '2016-01-09 12:52:46.000000', '2016-01-09 12:52:46.000000', '469.2', 'Dolores voluptatem enim consequatur ipsam voluptatibus laudantium doloribus molestiae.', LOAD_FILE('/home/sarahi/Documentos/crm-igf-cop/test/datos_test/f4a1e04a590ea03f90e1f80e279094e8.jpg'), 'image/jpeg', 2, 1);
INSERT INTO oferta (`id`, `codigo`, `nombre`, `fecha_inicio`, `fecha_fin`, `precio`, `descripcion`, `imagen`, `content_type_imagen`, `genero`, `active`) VALUES (31, '0788', 'Future-proofed 3rdgeneration benchmark', '2016-01-09 12:52:46.000000', '2016-01-09 12:52:46.000000', '392.63', 'Magni omnis aut odit reprehenderit odio autem quibusdam et.', LOAD_FILE('/home/sarahi/Documentos/crm-igf-cop/test/datos_test/545a055e3b54eda85048c31c84fa4250.jpg'), 'image/jpeg', 1, 1);
INSERT INTO oferta (`id`, `codigo`, `nombre`, `fecha_inicio`, `fecha_fin`, `precio`, `descripcion`, `imagen`, `content_type_imagen`, `genero`, `active`) VALUES (32, '0320', 'Implemented user-facing task-force', '2016-01-09 12:52:46.000000', '2016-01-09 12:52:46.000000', '740.68', 'Omnis assumenda et quis quisquam voluptate.', LOAD_FILE('/home/sarahi/Documentos/crm-igf-cop/test/datos_test/66511941c15dd722fcc57c0d49b0f5b1.jpg'), 'image/jpeg', 3, 1);
INSERT INTO oferta (`id`, `codigo`, `nombre`, `fecha_inicio`, `fecha_fin`, `precio`, `descripcion`, `imagen`, `content_type_imagen`, `genero`, `active`) VALUES (33, '0531', 'Networked web-enabled challenge', '2016-01-09 12:52:46.000000', '2016-01-09 12:52:46.000000', '823.93', 'Soluta aut beatae blanditiis praesentium ullam rerum porro.', LOAD_FILE('/home/sarahi/Documentos/crm-igf-cop/test/datos_test/1c751518f9630ed47ee5e0184b80a906.jpg'), 'image/jpeg', 1, 1);
INSERT INTO oferta (`id`, `codigo`, `nombre`, `fecha_inicio`, `fecha_fin`, `precio`, `descripcion`, `imagen`, `content_type_imagen`, `genero`, `active`) VALUES (34, '0111', 'Decentralized upward-trending portal', '2016-01-09 12:52:46.000000', '2016-01-09 12:52:46.000000', '999.1', 'Saepe odio qui reprehenderit consequatur sint eius blanditiis sunt.', LOAD_FILE('/home/sarahi/Documentos/crm-igf-cop/test/datos_test/dd536d274b4e410d9be7d996e966da1e.jpg'), 'image/jpeg', 2, 1);
INSERT INTO oferta (`id`, `codigo`, `nombre`, `fecha_inicio`, `fecha_fin`, `precio`, `descripcion`, `imagen`, `content_type_imagen`, `genero`, `active`) VALUES (35, '0022', 'Future-proofed fault-tolerant opensystem', '2016-01-09 12:52:46.000000', '2016-01-09 12:52:46.000000', '894.61', 'Est quo provident a voluptas fuga.', LOAD_FILE('/home/sarahi/Documentos/crm-igf-cop/test/datos_test/6f27dbb8d3f09059b2e48fe2483c0097.jpg'), 'image/jpeg', 1, 1);
INSERT INTO oferta (`id`, `codigo`, `nombre`, `fecha_inicio`, `fecha_fin`, `precio`, `descripcion`, `imagen`, `content_type_imagen`, `genero`, `active`) VALUES (36, '0416', 'Secured attitude-oriented hub', '2016-01-09 12:52:46.000000', '2016-01-09 12:52:46.000000', '431.69', 'Molestias et repudiandae ea fugit odio perferendis et.', LOAD_FILE('/home/sarahi/Documentos/crm-igf-cop/test/datos_test/18404afd4217c6345c83b3a2caa66d04.jpg'), 'image/jpeg', 2, 1);
INSERT INTO oferta (`id`, `codigo`, `nombre`, `fecha_inicio`, `fecha_fin`, `precio`, `descripcion`, `imagen`, `content_type_imagen`, `genero`, `active`) VALUES (37, '0209', 'Expanded context-sensitive challenge', '2016-01-09 12:52:46.000000', '2016-01-09 12:52:46.000000', '526.86', 'Recusandae eveniet sint assumenda et velit sint quia sed.', LOAD_FILE('/home/sarahi/Documentos/crm-igf-cop/test/datos_test/6188c7b9b805109d95dd03d88195d54f.jpg'), 'image/jpeg', 1, 1);
INSERT INTO oferta (`id`, `codigo`, `nombre`, `fecha_inicio`, `fecha_fin`, `precio`, `descripcion`, `imagen`, `content_type_imagen`, `genero`, `active`) VALUES (38, '0104', 'Optional bifurcated forecast', '2016-01-09 12:52:46.000000', '2016-01-09 12:52:46.000000', '39.13', 'Voluptas voluptate cupiditate unde animi tempora aut voluptates.', LOAD_FILE('/home/sarahi/Documentos/crm-igf-cop/test/datos_test/5aa90c10b18091858d62739db5314bf4.jpg'), 'image/jpeg', 3, 1);
INSERT INTO oferta (`id`, `codigo`, `nombre`, `fecha_inicio`, `fecha_fin`, `precio`, `descripcion`, `imagen`, `content_type_imagen`, `genero`, `active`) VALUES (39, '0174', 'Triple-buffered asynchronous migration', '2016-01-09 12:52:46.000000', '2016-01-09 12:52:46.000000', '819.59', 'Natus inventore qui quos.', LOAD_FILE('/home/sarahi/Documentos/crm-igf-cop/test/datos_test/428bb386b02897d5853937a50135b268.jpg'), 'image/jpeg', 2, 1);
INSERT INTO oferta (`id`, `codigo`, `nombre`, `fecha_inicio`, `fecha_fin`, `precio`, `descripcion`, `imagen`, `content_type_imagen`, `genero`, `active`) VALUES (40, '0015', 'Multi-channelled needs-based project', '2016-01-09 12:52:46.000000', '2016-01-09 12:52:46.000000', '729.53', 'Voluptatibus soluta culpa repellendus dolorum velit nemo saepe.', LOAD_FILE('/home/sarahi/Documentos/crm-igf-cop/test/datos_test/fc0ad4b7e24f63f37148214cbc4f41c8.jpg'), 'image/jpeg', 1, 1);
INSERT INTO oferta (`id`, `codigo`, `nombre`, `fecha_inicio`, `fecha_fin`, `precio`, `descripcion`, `imagen`, `content_type_imagen`, `genero`, `active`) VALUES (41, '0047', 'De-engineered contextually-based website', '2016-01-09 12:52:46.000000', '2016-01-09 12:52:46.000000', '836.04', 'Magni laboriosam ab eveniet eaque nesciunt ut ipsum voluptates.', LOAD_FILE('/home/sarahi/Documentos/crm-igf-cop/test/datos_test/8b553a44e181f605eb946e91940432a8.jpg'), 'image/jpeg', 1, 1);
INSERT INTO oferta (`id`, `codigo`, `nombre`, `fecha_inicio`, `fecha_fin`, `precio`, `descripcion`, `imagen`, `content_type_imagen`, `genero`, `active`) VALUES (42, '0337', 'Persevering contextually-based projection', '2016-01-09 12:52:46.000000', '2016-01-09 12:52:46.000000', '386.39', 'Atque quas velit est consequatur nobis aut.', LOAD_FILE('/home/sarahi/Documentos/crm-igf-cop/test/datos_test/3a3dd8b198f806edc6d3e9a70a93d9fc.jpg'), 'image/jpeg', 1, 1);
INSERT INTO oferta (`id`, `codigo`, `nombre`, `fecha_inicio`, `fecha_fin`, `precio`, `descripcion`, `imagen`, `content_type_imagen`, `genero`, `active`) VALUES (43, '0814', 'Advanced heuristic service-desk', '2016-01-09 12:52:46.000000', '2016-01-09 12:52:46.000000', '821.41', 'Voluptas ab aut velit modi ducimus ipsa labore.', LOAD_FILE('/home/sarahi/Documentos/crm-igf-cop/test/datos_test/7fdff811c3e09fe709c1175bdaaebd1d.jpg'), 'image/jpeg', 3, 1);
INSERT INTO oferta (`id`, `codigo`, `nombre`, `fecha_inicio`, `fecha_fin`, `precio`, `descripcion`, `imagen`, `content_type_imagen`, `genero`, `active`) VALUES (44, '0823', 'Expanded disintermediate systemengine', '2016-01-09 12:52:46.000000', '2016-01-09 12:52:46.000000', '223.92', 'Sit repellat in laboriosam quod ipsam.', LOAD_FILE('/home/sarahi/Documentos/crm-igf-cop/test/datos_test/998af0ffc40ae29277dda2515465e7f0.jpg'), 'image/jpeg', 2, 1);
INSERT INTO oferta (`id`, `codigo`, `nombre`, `fecha_inicio`, `fecha_fin`, `precio`, `descripcion`, `imagen`, `content_type_imagen`, `genero`, `active`) VALUES (45, '0067', 'Persistent demand-driven ability', '2016-01-09 12:52:46.000000', '2016-01-09 12:52:46.000000', '85.92', 'Qui qui omnis numquam quia ut.', LOAD_FILE('/home/sarahi/Documentos/crm-igf-cop/test/datos_test/2abca294d0408c214c9b66afc930251d.jpg'), 'image/jpeg', 1, 1);
INSERT INTO oferta (`id`, `codigo`, `nombre`, `fecha_inicio`, `fecha_fin`, `precio`, `descripcion`, `imagen`, `content_type_imagen`, `genero`, `active`) VALUES (46, '0965', 'Sharable even-keeled infrastructure', '2016-01-09 12:52:46.000000', '2016-01-09 12:52:46.000000', '277.26', 'Quaerat aut fuga quia officia.', LOAD_FILE('/home/sarahi/Documentos/crm-igf-cop/test/datos_test/b9ebf9e5ef3840000147db7ee89634be.jpg'), 'image/jpeg', 2, 1);
INSERT INTO oferta (`id`, `codigo`, `nombre`, `fecha_inicio`, `fecha_fin`, `precio`, `descripcion`, `imagen`, `content_type_imagen`, `genero`, `active`) VALUES (47, '0687', 'Advanced modular capacity', '2016-01-09 12:52:46.000000', '2016-01-09 12:52:46.000000', '789.74', 'Cumque autem earum veniam expedita sint nisi nesciunt nostrum.', LOAD_FILE('/home/sarahi/Documentos/crm-igf-cop/test/datos_test/8b3eb64ba9c88bed21edcfa414019204.jpg'), 'image/jpeg', 1, 1);
INSERT INTO oferta (`id`, `codigo`, `nombre`, `fecha_inicio`, `fecha_fin`, `precio`, `descripcion`, `imagen`, `content_type_imagen`, `genero`, `active`) VALUES (48, '0660', 'Stand-alone coherent time-frame', '2016-01-09 12:52:46.000000', '2016-01-09 12:52:46.000000', '483.9', 'Molestiae veritatis est et cupiditate id facilis repudiandae.', LOAD_FILE('/home/sarahi/Documentos/crm-igf-cop/test/datos_test/ea41cd4e225d30b60ef131774083c1f1.jpg'), 'image/jpeg', 1, 1);
INSERT INTO oferta (`id`, `codigo`, `nombre`, `fecha_inicio`, `fecha_fin`, `precio`, `descripcion`, `imagen`, `content_type_imagen`, `genero`, `active`) VALUES (49, '0216', 'Extended zerotolerance orchestration', '2016-01-09 12:52:46.000000', '2016-01-09 12:52:46.000000', '43.39', 'Eos velit alias omnis ratione.', LOAD_FILE('/home/sarahi/Documentos/crm-igf-cop/test/datos_test/62c7094da59f4bad1e80c0c2deec83c2.jpg'), 'image/jpeg', 1, 1);
INSERT INTO oferta (`id`, `codigo`, `nombre`, `fecha_inicio`, `fecha_fin`, `precio`, `descripcion`, `imagen`, `content_type_imagen`, `genero`, `active`) VALUES (50, '0630', 'Right-sized asynchronous intranet', '2016-01-09 12:52:46.000000', '2016-01-09 12:52:46.000000', '31.26', 'Rerum nobis ut corrupti accusamus voluptatibus sunt reiciendis totam.', LOAD_FILE('/home/sarahi/Documentos/crm-igf-cop/test/datos_test/7807181090a2af40893cc51243162cc1.jpg'), 'image/jpeg', 1, 1);





#producto_join_oferta

INSERT INTO producto_join_oferta (`id`, `producto_id`, `oferta_id`, `cantidad`) VALUES (1, 32, 19, 3);
INSERT INTO producto_join_oferta (`id`, `producto_id`, `oferta_id`, `cantidad`) VALUES (2, 33, 45, 4);
INSERT INTO producto_join_oferta (`id`, `producto_id`, `oferta_id`, `cantidad`) VALUES (3, 33, 35, 4);
INSERT INTO producto_join_oferta (`id`, `producto_id`, `oferta_id`, `cantidad`) VALUES (4, 26, 17, 4);
INSERT INTO producto_join_oferta (`id`, `producto_id`, `oferta_id`, `cantidad`) VALUES (5, 31, 48, 1);
INSERT INTO producto_join_oferta (`id`, `producto_id`, `oferta_id`, `cantidad`) VALUES (6, 24, 4, 4);
INSERT INTO producto_join_oferta (`id`, `producto_id`, `oferta_id`, `cantidad`) VALUES (7, 47, 5, 1);
INSERT INTO producto_join_oferta (`id`, `producto_id`, `oferta_id`, `cantidad`) VALUES (8, 40, 21, 1);
INSERT INTO producto_join_oferta (`id`, `producto_id`, `oferta_id`, `cantidad`) VALUES (9, 20, 1, 3);
INSERT INTO producto_join_oferta (`id`, `producto_id`, `oferta_id`, `cantidad`) VALUES (10, 50, 10, 9);
INSERT INTO producto_join_oferta (`id`, `producto_id`, `oferta_id`, `cantidad`) VALUES (11, 36, 1, 2);
INSERT INTO producto_join_oferta (`id`, `producto_id`, `oferta_id`, `cantidad`) VALUES (12, 26, 34, 7);
INSERT INTO producto_join_oferta (`id`, `producto_id`, `oferta_id`, `cantidad`) VALUES (13, 12, 20, 1);
INSERT INTO producto_join_oferta (`id`, `producto_id`, `oferta_id`, `cantidad`) VALUES (14, 30, 22, 6);
INSERT INTO producto_join_oferta (`id`, `producto_id`, `oferta_id`, `cantidad`) VALUES (15, 10, 47, 4);
INSERT INTO producto_join_oferta (`id`, `producto_id`, `oferta_id`, `cantidad`) VALUES (16, 31, 27, 4);
INSERT INTO producto_join_oferta (`id`, `producto_id`, `oferta_id`, `cantidad`) VALUES (17, 40, 24, 6);
INSERT INTO producto_join_oferta (`id`, `producto_id`, `oferta_id`, `cantidad`) VALUES (18, 36, 33, 1);
INSERT INTO producto_join_oferta (`id`, `producto_id`, `oferta_id`, `cantidad`) VALUES (19, 17, 12, 3);
INSERT INTO producto_join_oferta (`id`, `producto_id`, `oferta_id`, `cantidad`) VALUES (20, 30, 13, 2);
INSERT INTO producto_join_oferta (`id`, `producto_id`, `oferta_id`, `cantidad`) VALUES (21, 39, 15, 7);
INSERT INTO producto_join_oferta (`id`, `producto_id`, `oferta_id`, `cantidad`) VALUES (22, 8, 39, 6);
INSERT INTO producto_join_oferta (`id`, `producto_id`, `oferta_id`, `cantidad`) VALUES (23, 28, 9, 8);
INSERT INTO producto_join_oferta (`id`, `producto_id`, `oferta_id`, `cantidad`) VALUES (24, 3, 33, 1);
INSERT INTO producto_join_oferta (`id`, `producto_id`, `oferta_id`, `cantidad`) VALUES (25, 39, 41, 8);
INSERT INTO producto_join_oferta (`id`, `producto_id`, `oferta_id`, `cantidad`) VALUES (26, 34, 8, 3);
INSERT INTO producto_join_oferta (`id`, `producto_id`, `oferta_id`, `cantidad`) VALUES (27, 15, 2, 3);
INSERT INTO producto_join_oferta (`id`, `producto_id`, `oferta_id`, `cantidad`) VALUES (28, 12, 27, 5);
INSERT INTO producto_join_oferta (`id`, `producto_id`, `oferta_id`, `cantidad`) VALUES (29, 4, 45, 1);
INSERT INTO producto_join_oferta (`id`, `producto_id`, `oferta_id`, `cantidad`) VALUES (30, 4, 41, 6);
INSERT INTO producto_join_oferta (`id`, `producto_id`, `oferta_id`, `cantidad`) VALUES (31, 46, 29, 2);
INSERT INTO producto_join_oferta (`id`, `producto_id`, `oferta_id`, `cantidad`) VALUES (32, 40, 14, 8);
INSERT INTO producto_join_oferta (`id`, `producto_id`, `oferta_id`, `cantidad`) VALUES (33, 15, 36, 8);
INSERT INTO producto_join_oferta (`id`, `producto_id`, `oferta_id`, `cantidad`) VALUES (34, 30, 13, 1);
INSERT INTO producto_join_oferta (`id`, `producto_id`, `oferta_id`, `cantidad`) VALUES (35, 39, 30, 4);
INSERT INTO producto_join_oferta (`id`, `producto_id`, `oferta_id`, `cantidad`) VALUES (36, 41, 33, 4);
INSERT INTO producto_join_oferta (`id`, `producto_id`, `oferta_id`, `cantidad`) VALUES (37, 5, 17, 1);
INSERT INTO producto_join_oferta (`id`, `producto_id`, `oferta_id`, `cantidad`) VALUES (38, 45, 35, 6);
INSERT INTO producto_join_oferta (`id`, `producto_id`, `oferta_id`, `cantidad`) VALUES (39, 9, 4, 4);
INSERT INTO producto_join_oferta (`id`, `producto_id`, `oferta_id`, `cantidad`) VALUES (40, 15, 17, 2);
INSERT INTO producto_join_oferta (`id`, `producto_id`, `oferta_id`, `cantidad`) VALUES (41, 35, 44, 6);
INSERT INTO producto_join_oferta (`id`, `producto_id`, `oferta_id`, `cantidad`) VALUES (42, 32, 5, 6);
INSERT INTO producto_join_oferta (`id`, `producto_id`, `oferta_id`, `cantidad`) VALUES (43, 42, 1, 8);
INSERT INTO producto_join_oferta (`id`, `producto_id`, `oferta_id`, `cantidad`) VALUES (44, 12, 14, 1);
INSERT INTO producto_join_oferta (`id`, `producto_id`, `oferta_id`, `cantidad`) VALUES (45, 25, 26, 1);
INSERT INTO producto_join_oferta (`id`, `producto_id`, `oferta_id`, `cantidad`) VALUES (46, 15, 48, 9);
INSERT INTO producto_join_oferta (`id`, `producto_id`, `oferta_id`, `cantidad`) VALUES (47, 18, 41, 5);
INSERT INTO producto_join_oferta (`id`, `producto_id`, `oferta_id`, `cantidad`) VALUES (48, 44, 49, 3);
INSERT INTO producto_join_oferta (`id`, `producto_id`, `oferta_id`, `cantidad`) VALUES (49, 15, 30, 8);
INSERT INTO producto_join_oferta (`id`, `producto_id`, `oferta_id`, `cantidad`) VALUES (50, 46, 3, 1);
INSERT INTO producto_join_oferta (`id`, `producto_id`, `oferta_id`, `cantidad`) VALUES (51, 36, 12, 4);
INSERT INTO producto_join_oferta (`id`, `producto_id`, `oferta_id`, `cantidad`) VALUES (52, 5, 45, 6);
INSERT INTO producto_join_oferta (`id`, `producto_id`, `oferta_id`, `cantidad`) VALUES (53, 25, 41, 4);
INSERT INTO producto_join_oferta (`id`, `producto_id`, `oferta_id`, `cantidad`) VALUES (54, 49, 20, 3);
INSERT INTO producto_join_oferta (`id`, `producto_id`, `oferta_id`, `cantidad`) VALUES (55, 11, 28, 3);
INSERT INTO producto_join_oferta (`id`, `producto_id`, `oferta_id`, `cantidad`) VALUES (56, 22, 31, 5);
INSERT INTO producto_join_oferta (`id`, `producto_id`, `oferta_id`, `cantidad`) VALUES (57, 23, 28, 1);
INSERT INTO producto_join_oferta (`id`, `producto_id`, `oferta_id`, `cantidad`) VALUES (58, 3, 29, 8);
INSERT INTO producto_join_oferta (`id`, `producto_id`, `oferta_id`, `cantidad`) VALUES (59, 9, 8, 9);
INSERT INTO producto_join_oferta (`id`, `producto_id`, `oferta_id`, `cantidad`) VALUES (60, 36, 22, 2);
INSERT INTO producto_join_oferta (`id`, `producto_id`, `oferta_id`, `cantidad`) VALUES (61, 24, 20, 9);
INSERT INTO producto_join_oferta (`id`, `producto_id`, `oferta_id`, `cantidad`) VALUES (62, 21, 36, 1);
INSERT INTO producto_join_oferta (`id`, `producto_id`, `oferta_id`, `cantidad`) VALUES (63, 48, 36, 3);
INSERT INTO producto_join_oferta (`id`, `producto_id`, `oferta_id`, `cantidad`) VALUES (64, 23, 5, 5);
INSERT INTO producto_join_oferta (`id`, `producto_id`, `oferta_id`, `cantidad`) VALUES (65, 27, 49, 2);
INSERT INTO producto_join_oferta (`id`, `producto_id`, `oferta_id`, `cantidad`) VALUES (66, 9, 15, 8);
INSERT INTO producto_join_oferta (`id`, `producto_id`, `oferta_id`, `cantidad`) VALUES (67, 39, 38, 9);
INSERT INTO producto_join_oferta (`id`, `producto_id`, `oferta_id`, `cantidad`) VALUES (68, 40, 15, 9);
INSERT INTO producto_join_oferta (`id`, `producto_id`, `oferta_id`, `cantidad`) VALUES (69, 15, 49, 5);
INSERT INTO producto_join_oferta (`id`, `producto_id`, `oferta_id`, `cantidad`) VALUES (70, 38, 41, 4);
INSERT INTO producto_join_oferta (`id`, `producto_id`, `oferta_id`, `cantidad`) VALUES (71, 44, 32, 4);
INSERT INTO producto_join_oferta (`id`, `producto_id`, `oferta_id`, `cantidad`) VALUES (72, 34, 43, 5);
INSERT INTO producto_join_oferta (`id`, `producto_id`, `oferta_id`, `cantidad`) VALUES (73, 13, 45, 4);
INSERT INTO producto_join_oferta (`id`, `producto_id`, `oferta_id`, `cantidad`) VALUES (74, 8, 33, 5);
INSERT INTO producto_join_oferta (`id`, `producto_id`, `oferta_id`, `cantidad`) VALUES (75, 6, 7, 1);
INSERT INTO producto_join_oferta (`id`, `producto_id`, `oferta_id`, `cantidad`) VALUES (76, 26, 21, 3);
INSERT INTO producto_join_oferta (`id`, `producto_id`, `oferta_id`, `cantidad`) VALUES (77, 29, 30, 6);
INSERT INTO producto_join_oferta (`id`, `producto_id`, `oferta_id`, `cantidad`) VALUES (78, 1, 47, 8);
INSERT INTO producto_join_oferta (`id`, `producto_id`, `oferta_id`, `cantidad`) VALUES (79, 36, 19, 6);
INSERT INTO producto_join_oferta (`id`, `producto_id`, `oferta_id`, `cantidad`) VALUES (80, 48, 10, 2);
INSERT INTO producto_join_oferta (`id`, `producto_id`, `oferta_id`, `cantidad`) VALUES (81, 1, 49, 5);
INSERT INTO producto_join_oferta (`id`, `producto_id`, `oferta_id`, `cantidad`) VALUES (82, 7, 31, 4);
INSERT INTO producto_join_oferta (`id`, `producto_id`, `oferta_id`, `cantidad`) VALUES (83, 25, 4, 5);
INSERT INTO producto_join_oferta (`id`, `producto_id`, `oferta_id`, `cantidad`) VALUES (84, 35, 39, 4);
INSERT INTO producto_join_oferta (`id`, `producto_id`, `oferta_id`, `cantidad`) VALUES (85, 25, 1, 2);
INSERT INTO producto_join_oferta (`id`, `producto_id`, `oferta_id`, `cantidad`) VALUES (86, 46, 31, 9);
INSERT INTO producto_join_oferta (`id`, `producto_id`, `oferta_id`, `cantidad`) VALUES (87, 44, 20, 6);
INSERT INTO producto_join_oferta (`id`, `producto_id`, `oferta_id`, `cantidad`) VALUES (88, 3, 28, 1);
INSERT INTO producto_join_oferta (`id`, `producto_id`, `oferta_id`, `cantidad`) VALUES (89, 17, 10, 3);
INSERT INTO producto_join_oferta (`id`, `producto_id`, `oferta_id`, `cantidad`) VALUES (90, 8, 28, 3);
INSERT INTO producto_join_oferta (`id`, `producto_id`, `oferta_id`, `cantidad`) VALUES (91, 8, 50, 5);
INSERT INTO producto_join_oferta (`id`, `producto_id`, `oferta_id`, `cantidad`) VALUES (92, 9, 29, 2);
INSERT INTO producto_join_oferta (`id`, `producto_id`, `oferta_id`, `cantidad`) VALUES (93, 35, 14, 1);
INSERT INTO producto_join_oferta (`id`, `producto_id`, `oferta_id`, `cantidad`) VALUES (94, 6, 35, 9);
INSERT INTO producto_join_oferta (`id`, `producto_id`, `oferta_id`, `cantidad`) VALUES (95, 3, 33, 3);
INSERT INTO producto_join_oferta (`id`, `producto_id`, `oferta_id`, `cantidad`) VALUES (96, 18, 12, 9);
INSERT INTO producto_join_oferta (`id`, `producto_id`, `oferta_id`, `cantidad`) VALUES (97, 34, 50, 7);
INSERT INTO producto_join_oferta (`id`, `producto_id`, `oferta_id`, `cantidad`) VALUES (98, 33, 21, 2);
INSERT INTO producto_join_oferta (`id`, `producto_id`, `oferta_id`, `cantidad`) VALUES (99, 45, 27, 2);
INSERT INTO producto_join_oferta (`id`, `producto_id`, `oferta_id`, `cantidad`) VALUES (100, 5, 48, 6);
INSERT INTO producto_join_oferta (`id`, `producto_id`, `oferta_id`, `cantidad`) VALUES (101, 35, 11, 5);
INSERT INTO producto_join_oferta (`id`, `producto_id`, `oferta_id`, `cantidad`) VALUES (102, 16, 8, 1);
INSERT INTO producto_join_oferta (`id`, `producto_id`, `oferta_id`, `cantidad`) VALUES (103, 21, 41, 2);
INSERT INTO producto_join_oferta (`id`, `producto_id`, `oferta_id`, `cantidad`) VALUES (104, 8, 6, 7);
INSERT INTO producto_join_oferta (`id`, `producto_id`, `oferta_id`, `cantidad`) VALUES (105, 17, 41, 9);
INSERT INTO producto_join_oferta (`id`, `producto_id`, `oferta_id`, `cantidad`) VALUES (106, 2, 47, 8);
INSERT INTO producto_join_oferta (`id`, `producto_id`, `oferta_id`, `cantidad`) VALUES (107, 30, 26, 1);
INSERT INTO producto_join_oferta (`id`, `producto_id`, `oferta_id`, `cantidad`) VALUES (108, 3, 20, 6);
INSERT INTO producto_join_oferta (`id`, `producto_id`, `oferta_id`, `cantidad`) VALUES (109, 22, 43, 1);
INSERT INTO producto_join_oferta (`id`, `producto_id`, `oferta_id`, `cantidad`) VALUES (110, 15, 45, 7);
INSERT INTO producto_join_oferta (`id`, `producto_id`, `oferta_id`, `cantidad`) VALUES (111, 22, 30, 5);
INSERT INTO producto_join_oferta (`id`, `producto_id`, `oferta_id`, `cantidad`) VALUES (112, 47, 42, 2);
INSERT INTO producto_join_oferta (`id`, `producto_id`, `oferta_id`, `cantidad`) VALUES (113, 42, 25, 6);
INSERT INTO producto_join_oferta (`id`, `producto_id`, `oferta_id`, `cantidad`) VALUES (114, 41, 33, 2);
INSERT INTO producto_join_oferta (`id`, `producto_id`, `oferta_id`, `cantidad`) VALUES (115, 34, 31, 9);
INSERT INTO producto_join_oferta (`id`, `producto_id`, `oferta_id`, `cantidad`) VALUES (116, 4, 25, 9);
INSERT INTO producto_join_oferta (`id`, `producto_id`, `oferta_id`, `cantidad`) VALUES (117, 15, 14, 9);
INSERT INTO producto_join_oferta (`id`, `producto_id`, `oferta_id`, `cantidad`) VALUES (118, 37, 1, 5);
INSERT INTO producto_join_oferta (`id`, `producto_id`, `oferta_id`, `cantidad`) VALUES (119, 16, 3, 5);
INSERT INTO producto_join_oferta (`id`, `producto_id`, `oferta_id`, `cantidad`) VALUES (120, 32, 23, 4);
INSERT INTO producto_join_oferta (`id`, `producto_id`, `oferta_id`, `cantidad`) VALUES (121, 50, 28, 2);
INSERT INTO producto_join_oferta (`id`, `producto_id`, `oferta_id`, `cantidad`) VALUES (122, 36, 2, 1);
INSERT INTO producto_join_oferta (`id`, `producto_id`, `oferta_id`, `cantidad`) VALUES (123, 50, 1, 2);
INSERT INTO producto_join_oferta (`id`, `producto_id`, `oferta_id`, `cantidad`) VALUES (124, 9, 41, 4);
INSERT INTO producto_join_oferta (`id`, `producto_id`, `oferta_id`, `cantidad`) VALUES (125, 12, 37, 4);
INSERT INTO producto_join_oferta (`id`, `producto_id`, `oferta_id`, `cantidad`) VALUES (126, 16, 34, 8);
INSERT INTO producto_join_oferta (`id`, `producto_id`, `oferta_id`, `cantidad`) VALUES (127, 17, 3, 2);
INSERT INTO producto_join_oferta (`id`, `producto_id`, `oferta_id`, `cantidad`) VALUES (128, 43, 36, 3);
INSERT INTO producto_join_oferta (`id`, `producto_id`, `oferta_id`, `cantidad`) VALUES (129, 41, 4, 6);
INSERT INTO producto_join_oferta (`id`, `producto_id`, `oferta_id`, `cantidad`) VALUES (130, 40, 30, 1);
INSERT INTO producto_join_oferta (`id`, `producto_id`, `oferta_id`, `cantidad`) VALUES (131, 37, 34, 4);
INSERT INTO producto_join_oferta (`id`, `producto_id`, `oferta_id`, `cantidad`) VALUES (132, 5, 15, 1);
INSERT INTO producto_join_oferta (`id`, `producto_id`, `oferta_id`, `cantidad`) VALUES (133, 16, 37, 8);
INSERT INTO producto_join_oferta (`id`, `producto_id`, `oferta_id`, `cantidad`) VALUES (134, 49, 24, 3);
INSERT INTO producto_join_oferta (`id`, `producto_id`, `oferta_id`, `cantidad`) VALUES (135, 33, 20, 2);
INSERT INTO producto_join_oferta (`id`, `producto_id`, `oferta_id`, `cantidad`) VALUES (136, 18, 27, 1);
INSERT INTO producto_join_oferta (`id`, `producto_id`, `oferta_id`, `cantidad`) VALUES (137, 35, 21, 1);
INSERT INTO producto_join_oferta (`id`, `producto_id`, `oferta_id`, `cantidad`) VALUES (138, 17, 46, 8);
INSERT INTO producto_join_oferta (`id`, `producto_id`, `oferta_id`, `cantidad`) VALUES (139, 41, 47, 1);
INSERT INTO producto_join_oferta (`id`, `producto_id`, `oferta_id`, `cantidad`) VALUES (140, 9, 14, 9);
INSERT INTO producto_join_oferta (`id`, `producto_id`, `oferta_id`, `cantidad`) VALUES (141, 3, 40, 6);
INSERT INTO producto_join_oferta (`id`, `producto_id`, `oferta_id`, `cantidad`) VALUES (142, 29, 26, 6);
INSERT INTO producto_join_oferta (`id`, `producto_id`, `oferta_id`, `cantidad`) VALUES (143, 7, 5, 9);
INSERT INTO producto_join_oferta (`id`, `producto_id`, `oferta_id`, `cantidad`) VALUES (144, 42, 15, 3);
INSERT INTO producto_join_oferta (`id`, `producto_id`, `oferta_id`, `cantidad`) VALUES (145, 3, 9, 6);
INSERT INTO producto_join_oferta (`id`, `producto_id`, `oferta_id`, `cantidad`) VALUES (146, 2, 36, 4);
INSERT INTO producto_join_oferta (`id`, `producto_id`, `oferta_id`, `cantidad`) VALUES (147, 12, 40, 7);
INSERT INTO producto_join_oferta (`id`, `producto_id`, `oferta_id`, `cantidad`) VALUES (148, 16, 23, 3);
INSERT INTO producto_join_oferta (`id`, `producto_id`, `oferta_id`, `cantidad`) VALUES (149, 50, 36, 3);
INSERT INTO producto_join_oferta (`id`, `producto_id`, `oferta_id`, `cantidad`) VALUES (150, 20, 42, 8);
INSERT INTO producto_join_oferta (`id`, `producto_id`, `oferta_id`, `cantidad`) VALUES (151, 3, 45, 1);
INSERT INTO producto_join_oferta (`id`, `producto_id`, `oferta_id`, `cantidad`) VALUES (152, 24, 13, 1);
INSERT INTO producto_join_oferta (`id`, `producto_id`, `oferta_id`, `cantidad`) VALUES (153, 3, 44, 1);
INSERT INTO producto_join_oferta (`id`, `producto_id`, `oferta_id`, `cantidad`) VALUES (154, 8, 46, 2);
INSERT INTO producto_join_oferta (`id`, `producto_id`, `oferta_id`, `cantidad`) VALUES (155, 5, 4, 3);
INSERT INTO producto_join_oferta (`id`, `producto_id`, `oferta_id`, `cantidad`) VALUES (156, 37, 30, 8);
INSERT INTO producto_join_oferta (`id`, `producto_id`, `oferta_id`, `cantidad`) VALUES (157, 29, 30, 9);
INSERT INTO producto_join_oferta (`id`, `producto_id`, `oferta_id`, `cantidad`) VALUES (158, 14, 7, 8);
INSERT INTO producto_join_oferta (`id`, `producto_id`, `oferta_id`, `cantidad`) VALUES (159, 27, 16, 5);
INSERT INTO producto_join_oferta (`id`, `producto_id`, `oferta_id`, `cantidad`) VALUES (160, 13, 34, 9);
INSERT INTO producto_join_oferta (`id`, `producto_id`, `oferta_id`, `cantidad`) VALUES (161, 28, 36, 1);
INSERT INTO producto_join_oferta (`id`, `producto_id`, `oferta_id`, `cantidad`) VALUES (162, 3, 49, 5);
INSERT INTO producto_join_oferta (`id`, `producto_id`, `oferta_id`, `cantidad`) VALUES (163, 46, 48, 8);
INSERT INTO producto_join_oferta (`id`, `producto_id`, `oferta_id`, `cantidad`) VALUES (164, 49, 23, 8);
INSERT INTO producto_join_oferta (`id`, `producto_id`, `oferta_id`, `cantidad`) VALUES (165, 15, 23, 6);
INSERT INTO producto_join_oferta (`id`, `producto_id`, `oferta_id`, `cantidad`) VALUES (166, 8, 18, 2);
INSERT INTO producto_join_oferta (`id`, `producto_id`, `oferta_id`, `cantidad`) VALUES (167, 2, 50, 7);
INSERT INTO producto_join_oferta (`id`, `producto_id`, `oferta_id`, `cantidad`) VALUES (168, 4, 43, 4);
INSERT INTO producto_join_oferta (`id`, `producto_id`, `oferta_id`, `cantidad`) VALUES (169, 35, 14, 9);
INSERT INTO producto_join_oferta (`id`, `producto_id`, `oferta_id`, `cantidad`) VALUES (170, 34, 46, 2);
INSERT INTO producto_join_oferta (`id`, `producto_id`, `oferta_id`, `cantidad`) VALUES (171, 24, 7, 5);
INSERT INTO producto_join_oferta (`id`, `producto_id`, `oferta_id`, `cantidad`) VALUES (172, 42, 4, 4);
INSERT INTO producto_join_oferta (`id`, `producto_id`, `oferta_id`, `cantidad`) VALUES (173, 1, 22, 4);
INSERT INTO producto_join_oferta (`id`, `producto_id`, `oferta_id`, `cantidad`) VALUES (174, 39, 11, 8);
INSERT INTO producto_join_oferta (`id`, `producto_id`, `oferta_id`, `cantidad`) VALUES (175, 39, 18, 9);
INSERT INTO producto_join_oferta (`id`, `producto_id`, `oferta_id`, `cantidad`) VALUES (176, 48, 31, 9);
INSERT INTO producto_join_oferta (`id`, `producto_id`, `oferta_id`, `cantidad`) VALUES (177, 22, 47, 5);
INSERT INTO producto_join_oferta (`id`, `producto_id`, `oferta_id`, `cantidad`) VALUES (178, 37, 8, 5);
INSERT INTO producto_join_oferta (`id`, `producto_id`, `oferta_id`, `cantidad`) VALUES (179, 47, 3, 7);
INSERT INTO producto_join_oferta (`id`, `producto_id`, `oferta_id`, `cantidad`) VALUES (180, 16, 32, 1);
INSERT INTO producto_join_oferta (`id`, `producto_id`, `oferta_id`, `cantidad`) VALUES (181, 8, 49, 5);
INSERT INTO producto_join_oferta (`id`, `producto_id`, `oferta_id`, `cantidad`) VALUES (182, 36, 48, 6);
INSERT INTO producto_join_oferta (`id`, `producto_id`, `oferta_id`, `cantidad`) VALUES (183, 1, 45, 6);
INSERT INTO producto_join_oferta (`id`, `producto_id`, `oferta_id`, `cantidad`) VALUES (184, 40, 43, 9);
INSERT INTO producto_join_oferta (`id`, `producto_id`, `oferta_id`, `cantidad`) VALUES (185, 39, 44, 6);
INSERT INTO producto_join_oferta (`id`, `producto_id`, `oferta_id`, `cantidad`) VALUES (186, 41, 49, 9);
INSERT INTO producto_join_oferta (`id`, `producto_id`, `oferta_id`, `cantidad`) VALUES (187, 20, 22, 5);
INSERT INTO producto_join_oferta (`id`, `producto_id`, `oferta_id`, `cantidad`) VALUES (188, 49, 23, 7);
INSERT INTO producto_join_oferta (`id`, `producto_id`, `oferta_id`, `cantidad`) VALUES (189, 43, 5, 2);
INSERT INTO producto_join_oferta (`id`, `producto_id`, `oferta_id`, `cantidad`) VALUES (190, 29, 38, 6);
INSERT INTO producto_join_oferta (`id`, `producto_id`, `oferta_id`, `cantidad`) VALUES (191, 14, 6, 6);
INSERT INTO producto_join_oferta (`id`, `producto_id`, `oferta_id`, `cantidad`) VALUES (192, 47, 41, 7);
INSERT INTO producto_join_oferta (`id`, `producto_id`, `oferta_id`, `cantidad`) VALUES (193, 26, 36, 8);
INSERT INTO producto_join_oferta (`id`, `producto_id`, `oferta_id`, `cantidad`) VALUES (194, 27, 4, 5);
INSERT INTO producto_join_oferta (`id`, `producto_id`, `oferta_id`, `cantidad`) VALUES (195, 35, 13, 3);
INSERT INTO producto_join_oferta (`id`, `producto_id`, `oferta_id`, `cantidad`) VALUES (196, 20, 8, 9);
INSERT INTO producto_join_oferta (`id`, `producto_id`, `oferta_id`, `cantidad`) VALUES (197, 44, 22, 5);
INSERT INTO producto_join_oferta (`id`, `producto_id`, `oferta_id`, `cantidad`) VALUES (198, 15, 12, 8);
INSERT INTO producto_join_oferta (`id`, `producto_id`, `oferta_id`, `cantidad`) VALUES (199, 27, 1, 9);
INSERT INTO producto_join_oferta (`id`, `producto_id`, `oferta_id`, `cantidad`) VALUES (200, 29, 36, 8);
INSERT INTO producto_join_oferta (`id`, `producto_id`, `oferta_id`, `cantidad`) VALUES (201, 49, 8, 9);
INSERT INTO producto_join_oferta (`id`, `producto_id`, `oferta_id`, `cantidad`) VALUES (202, 40, 7, 8);
INSERT INTO producto_join_oferta (`id`, `producto_id`, `oferta_id`, `cantidad`) VALUES (203, 31, 39, 3);
INSERT INTO producto_join_oferta (`id`, `producto_id`, `oferta_id`, `cantidad`) VALUES (204, 15, 30, 8);
INSERT INTO producto_join_oferta (`id`, `producto_id`, `oferta_id`, `cantidad`) VALUES (205, 50, 18, 5);
INSERT INTO producto_join_oferta (`id`, `producto_id`, `oferta_id`, `cantidad`) VALUES (206, 34, 7, 4);
INSERT INTO producto_join_oferta (`id`, `producto_id`, `oferta_id`, `cantidad`) VALUES (207, 44, 10, 1);
INSERT INTO producto_join_oferta (`id`, `producto_id`, `oferta_id`, `cantidad`) VALUES (208, 23, 14, 5);
INSERT INTO producto_join_oferta (`id`, `producto_id`, `oferta_id`, `cantidad`) VALUES (209, 19, 14, 3);
INSERT INTO producto_join_oferta (`id`, `producto_id`, `oferta_id`, `cantidad`) VALUES (210, 3, 13, 3);
INSERT INTO producto_join_oferta (`id`, `producto_id`, `oferta_id`, `cantidad`) VALUES (211, 3, 46, 5);
INSERT INTO producto_join_oferta (`id`, `producto_id`, `oferta_id`, `cantidad`) VALUES (212, 38, 12, 3);
INSERT INTO producto_join_oferta (`id`, `producto_id`, `oferta_id`, `cantidad`) VALUES (213, 38, 10, 5);
INSERT INTO producto_join_oferta (`id`, `producto_id`, `oferta_id`, `cantidad`) VALUES (214, 14, 40, 2);
INSERT INTO producto_join_oferta (`id`, `producto_id`, `oferta_id`, `cantidad`) VALUES (215, 22, 5, 4);
INSERT INTO producto_join_oferta (`id`, `producto_id`, `oferta_id`, `cantidad`) VALUES (216, 29, 3, 4);
INSERT INTO producto_join_oferta (`id`, `producto_id`, `oferta_id`, `cantidad`) VALUES (217, 45, 39, 6);
INSERT INTO producto_join_oferta (`id`, `producto_id`, `oferta_id`, `cantidad`) VALUES (218, 8, 27, 9);
INSERT INTO producto_join_oferta (`id`, `producto_id`, `oferta_id`, `cantidad`) VALUES (219, 21, 25, 3);
INSERT INTO producto_join_oferta (`id`, `producto_id`, `oferta_id`, `cantidad`) VALUES (220, 8, 44, 6);
INSERT INTO producto_join_oferta (`id`, `producto_id`, `oferta_id`, `cantidad`) VALUES (221, 47, 14, 4);
INSERT INTO producto_join_oferta (`id`, `producto_id`, `oferta_id`, `cantidad`) VALUES (222, 38, 31, 2);
INSERT INTO producto_join_oferta (`id`, `producto_id`, `oferta_id`, `cantidad`) VALUES (223, 20, 34, 8);
INSERT INTO producto_join_oferta (`id`, `producto_id`, `oferta_id`, `cantidad`) VALUES (224, 42, 49, 3);
INSERT INTO producto_join_oferta (`id`, `producto_id`, `oferta_id`, `cantidad`) VALUES (225, 10, 35, 8);
INSERT INTO producto_join_oferta (`id`, `producto_id`, `oferta_id`, `cantidad`) VALUES (226, 9, 47, 9);
INSERT INTO producto_join_oferta (`id`, `producto_id`, `oferta_id`, `cantidad`) VALUES (227, 45, 7, 4);
INSERT INTO producto_join_oferta (`id`, `producto_id`, `oferta_id`, `cantidad`) VALUES (228, 24, 7, 2);
INSERT INTO producto_join_oferta (`id`, `producto_id`, `oferta_id`, `cantidad`) VALUES (229, 31, 9, 6);
INSERT INTO producto_join_oferta (`id`, `producto_id`, `oferta_id`, `cantidad`) VALUES (230, 19, 8, 4);
INSERT INTO producto_join_oferta (`id`, `producto_id`, `oferta_id`, `cantidad`) VALUES (231, 32, 42, 8);
INSERT INTO producto_join_oferta (`id`, `producto_id`, `oferta_id`, `cantidad`) VALUES (232, 8, 17, 4);
INSERT INTO producto_join_oferta (`id`, `producto_id`, `oferta_id`, `cantidad`) VALUES (233, 26, 14, 5);
INSERT INTO producto_join_oferta (`id`, `producto_id`, `oferta_id`, `cantidad`) VALUES (234, 42, 30, 5);
INSERT INTO producto_join_oferta (`id`, `producto_id`, `oferta_id`, `cantidad`) VALUES (235, 9, 46, 1);
INSERT INTO producto_join_oferta (`id`, `producto_id`, `oferta_id`, `cantidad`) VALUES (236, 22, 32, 1);
INSERT INTO producto_join_oferta (`id`, `producto_id`, `oferta_id`, `cantidad`) VALUES (237, 2, 36, 6);
INSERT INTO producto_join_oferta (`id`, `producto_id`, `oferta_id`, `cantidad`) VALUES (238, 40, 6, 9);
INSERT INTO producto_join_oferta (`id`, `producto_id`, `oferta_id`, `cantidad`) VALUES (239, 12, 45, 9);
INSERT INTO producto_join_oferta (`id`, `producto_id`, `oferta_id`, `cantidad`) VALUES (240, 29, 50, 4);
INSERT INTO producto_join_oferta (`id`, `producto_id`, `oferta_id`, `cantidad`) VALUES (241, 13, 18, 2);
INSERT INTO producto_join_oferta (`id`, `producto_id`, `oferta_id`, `cantidad`) VALUES (242, 5, 41, 1);
INSERT INTO producto_join_oferta (`id`, `producto_id`, `oferta_id`, `cantidad`) VALUES (243, 39, 12, 6);
INSERT INTO producto_join_oferta (`id`, `producto_id`, `oferta_id`, `cantidad`) VALUES (244, 35, 28, 7);
INSERT INTO producto_join_oferta (`id`, `producto_id`, `oferta_id`, `cantidad`) VALUES (245, 8, 31, 5);
INSERT INTO producto_join_oferta (`id`, `producto_id`, `oferta_id`, `cantidad`) VALUES (246, 19, 16, 9);
INSERT INTO producto_join_oferta (`id`, `producto_id`, `oferta_id`, `cantidad`) VALUES (247, 47, 30, 7);
INSERT INTO producto_join_oferta (`id`, `producto_id`, `oferta_id`, `cantidad`) VALUES (248, 17, 19, 1);
INSERT INTO producto_join_oferta (`id`, `producto_id`, `oferta_id`, `cantidad`) VALUES (249, 11, 42, 8);
INSERT INTO producto_join_oferta (`id`, `producto_id`, `oferta_id`, `cantidad`) VALUES (250, 13, 5, 9);
INSERT INTO producto_join_oferta (`id`, `producto_id`, `oferta_id`, `cantidad`) VALUES (251, 7, 12, 8);
INSERT INTO producto_join_oferta (`id`, `producto_id`, `oferta_id`, `cantidad`) VALUES (252, 43, 5, 6);
INSERT INTO producto_join_oferta (`id`, `producto_id`, `oferta_id`, `cantidad`) VALUES (253, 16, 36, 3);
INSERT INTO producto_join_oferta (`id`, `producto_id`, `oferta_id`, `cantidad`) VALUES (254, 10, 46, 9);
INSERT INTO producto_join_oferta (`id`, `producto_id`, `oferta_id`, `cantidad`) VALUES (255, 35, 4, 2);
INSERT INTO producto_join_oferta (`id`, `producto_id`, `oferta_id`, `cantidad`) VALUES (256, 35, 20, 2);
INSERT INTO producto_join_oferta (`id`, `producto_id`, `oferta_id`, `cantidad`) VALUES (257, 3, 42, 9);
INSERT INTO producto_join_oferta (`id`, `producto_id`, `oferta_id`, `cantidad`) VALUES (258, 1, 11, 4);
INSERT INTO producto_join_oferta (`id`, `producto_id`, `oferta_id`, `cantidad`) VALUES (259, 19, 27, 2);
INSERT INTO producto_join_oferta (`id`, `producto_id`, `oferta_id`, `cantidad`) VALUES (260, 39, 1, 5);
INSERT INTO producto_join_oferta (`id`, `producto_id`, `oferta_id`, `cantidad`) VALUES (261, 27, 18, 5);
INSERT INTO producto_join_oferta (`id`, `producto_id`, `oferta_id`, `cantidad`) VALUES (262, 25, 18, 2);
INSERT INTO producto_join_oferta (`id`, `producto_id`, `oferta_id`, `cantidad`) VALUES (263, 40, 17, 3);
INSERT INTO producto_join_oferta (`id`, `producto_id`, `oferta_id`, `cantidad`) VALUES (264, 33, 31, 1);
INSERT INTO producto_join_oferta (`id`, `producto_id`, `oferta_id`, `cantidad`) VALUES (265, 36, 48, 5);
INSERT INTO producto_join_oferta (`id`, `producto_id`, `oferta_id`, `cantidad`) VALUES (266, 33, 13, 7);
INSERT INTO producto_join_oferta (`id`, `producto_id`, `oferta_id`, `cantidad`) VALUES (267, 11, 12, 8);
INSERT INTO producto_join_oferta (`id`, `producto_id`, `oferta_id`, `cantidad`) VALUES (268, 5, 34, 6);
INSERT INTO producto_join_oferta (`id`, `producto_id`, `oferta_id`, `cantidad`) VALUES (269, 49, 19, 9);
INSERT INTO producto_join_oferta (`id`, `producto_id`, `oferta_id`, `cantidad`) VALUES (270, 14, 7, 7);
INSERT INTO producto_join_oferta (`id`, `producto_id`, `oferta_id`, `cantidad`) VALUES (271, 48, 33, 8);
INSERT INTO producto_join_oferta (`id`, `producto_id`, `oferta_id`, `cantidad`) VALUES (272, 17, 37, 9);
INSERT INTO producto_join_oferta (`id`, `producto_id`, `oferta_id`, `cantidad`) VALUES (273, 29, 47, 7);
INSERT INTO producto_join_oferta (`id`, `producto_id`, `oferta_id`, `cantidad`) VALUES (274, 3, 44, 5);
INSERT INTO producto_join_oferta (`id`, `producto_id`, `oferta_id`, `cantidad`) VALUES (275, 35, 14, 4);
INSERT INTO producto_join_oferta (`id`, `producto_id`, `oferta_id`, `cantidad`) VALUES (276, 30, 27, 9);
INSERT INTO producto_join_oferta (`id`, `producto_id`, `oferta_id`, `cantidad`) VALUES (277, 8, 10, 9);
INSERT INTO producto_join_oferta (`id`, `producto_id`, `oferta_id`, `cantidad`) VALUES (278, 20, 44, 5);
INSERT INTO producto_join_oferta (`id`, `producto_id`, `oferta_id`, `cantidad`) VALUES (279, 23, 45, 7);
INSERT INTO producto_join_oferta (`id`, `producto_id`, `oferta_id`, `cantidad`) VALUES (280, 37, 1, 5);
INSERT INTO producto_join_oferta (`id`, `producto_id`, `oferta_id`, `cantidad`) VALUES (281, 4, 48, 9);
INSERT INTO producto_join_oferta (`id`, `producto_id`, `oferta_id`, `cantidad`) VALUES (282, 25, 7, 8);
INSERT INTO producto_join_oferta (`id`, `producto_id`, `oferta_id`, `cantidad`) VALUES (283, 14, 6, 9);
INSERT INTO producto_join_oferta (`id`, `producto_id`, `oferta_id`, `cantidad`) VALUES (284, 25, 34, 9);
INSERT INTO producto_join_oferta (`id`, `producto_id`, `oferta_id`, `cantidad`) VALUES (285, 16, 3, 6);
INSERT INTO producto_join_oferta (`id`, `producto_id`, `oferta_id`, `cantidad`) VALUES (286, 41, 9, 6);
INSERT INTO producto_join_oferta (`id`, `producto_id`, `oferta_id`, `cantidad`) VALUES (287, 9, 4, 1);
INSERT INTO producto_join_oferta (`id`, `producto_id`, `oferta_id`, `cantidad`) VALUES (288, 36, 45, 4);
INSERT INTO producto_join_oferta (`id`, `producto_id`, `oferta_id`, `cantidad`) VALUES (289, 15, 20, 7);
INSERT INTO producto_join_oferta (`id`, `producto_id`, `oferta_id`, `cantidad`) VALUES (290, 43, 30, 7);
INSERT INTO producto_join_oferta (`id`, `producto_id`, `oferta_id`, `cantidad`) VALUES (291, 4, 45, 7);
INSERT INTO producto_join_oferta (`id`, `producto_id`, `oferta_id`, `cantidad`) VALUES (292, 34, 37, 4);
INSERT INTO producto_join_oferta (`id`, `producto_id`, `oferta_id`, `cantidad`) VALUES (293, 29, 47, 9);
INSERT INTO producto_join_oferta (`id`, `producto_id`, `oferta_id`, `cantidad`) VALUES (294, 34, 12, 9);
INSERT INTO producto_join_oferta (`id`, `producto_id`, `oferta_id`, `cantidad`) VALUES (295, 14, 17, 1);
INSERT INTO producto_join_oferta (`id`, `producto_id`, `oferta_id`, `cantidad`) VALUES (296, 47, 44, 4);
INSERT INTO producto_join_oferta (`id`, `producto_id`, `oferta_id`, `cantidad`) VALUES (297, 36, 24, 6);
INSERT INTO producto_join_oferta (`id`, `producto_id`, `oferta_id`, `cantidad`) VALUES (298, 49, 29, 3);
INSERT INTO producto_join_oferta (`id`, `producto_id`, `oferta_id`, `cantidad`) VALUES (299, 19, 27, 8);
INSERT INTO producto_join_oferta (`id`, `producto_id`, `oferta_id`, `cantidad`) VALUES (300, 10, 43, 7);


#aplicaciones_oferta


INSERT INTO aplicacion_oferta (`id`, `oferta_id`, `categoria_id`) VALUES (1, 13, 18);
INSERT INTO aplicacion_oferta (`id`, `oferta_id`, `categoria_id`) VALUES (2, 3, 8);
INSERT INTO aplicacion_oferta (`id`, `oferta_id`, `categoria_id`) VALUES (3, 19, 3);
INSERT INTO aplicacion_oferta (`id`, `oferta_id`, `categoria_id`) VALUES (4, 18, 6);
INSERT INTO aplicacion_oferta (`id`, `oferta_id`, `categoria_id`) VALUES (5, 18, 6);
INSERT INTO aplicacion_oferta (`id`, `oferta_id`, `categoria_id`) VALUES (6, 45, 10);
INSERT INTO aplicacion_oferta (`id`, `oferta_id`, `categoria_id`) VALUES (7, 21, 11);
INSERT INTO aplicacion_oferta (`id`, `oferta_id`, `categoria_id`) VALUES (8, 3, 16);
INSERT INTO aplicacion_oferta (`id`, `oferta_id`, `categoria_id`) VALUES (9, 37, 11);
INSERT INTO aplicacion_oferta (`id`, `oferta_id`, `categoria_id`) VALUES (10, 17, 10);
INSERT INTO aplicacion_oferta (`id`, `oferta_id`, `categoria_id`) VALUES (11, 10, 2);
INSERT INTO aplicacion_oferta (`id`, `oferta_id`, `categoria_id`) VALUES (12, 50, 14);
INSERT INTO aplicacion_oferta (`id`, `oferta_id`, `categoria_id`) VALUES (13, 45, 17);
INSERT INTO aplicacion_oferta (`id`, `oferta_id`, `categoria_id`) VALUES (14, 24, 20);
INSERT INTO aplicacion_oferta (`id`, `oferta_id`, `categoria_id`) VALUES (15, 20, 5);
INSERT INTO aplicacion_oferta (`id`, `oferta_id`, `categoria_id`) VALUES (16, 32, 3);
INSERT INTO aplicacion_oferta (`id`, `oferta_id`, `categoria_id`) VALUES (17, 47, 16);
INSERT INTO aplicacion_oferta (`id`, `oferta_id`, `categoria_id`) VALUES (18, 14, 8);
INSERT INTO aplicacion_oferta (`id`, `oferta_id`, `categoria_id`) VALUES (19, 20, 3);
INSERT INTO aplicacion_oferta (`id`, `oferta_id`, `categoria_id`) VALUES (20, 42, 11);
INSERT INTO aplicacion_oferta (`id`, `oferta_id`, `categoria_id`) VALUES (21, 37, 8);
INSERT INTO aplicacion_oferta (`id`, `oferta_id`, `categoria_id`) VALUES (22, 3, 1);
INSERT INTO aplicacion_oferta (`id`, `oferta_id`, `categoria_id`) VALUES (23, 37, 17);
INSERT INTO aplicacion_oferta (`id`, `oferta_id`, `categoria_id`) VALUES (24, 31, 3);
INSERT INTO aplicacion_oferta (`id`, `oferta_id`, `categoria_id`) VALUES (25, 36, 6);
INSERT INTO aplicacion_oferta (`id`, `oferta_id`, `categoria_id`) VALUES (26, 8, 16);
INSERT INTO aplicacion_oferta (`id`, `oferta_id`, `categoria_id`) VALUES (27, 28, 18);
INSERT INTO aplicacion_oferta (`id`, `oferta_id`, `categoria_id`) VALUES (28, 32, 14);
INSERT INTO aplicacion_oferta (`id`, `oferta_id`, `categoria_id`) VALUES (29, 25, 14);
INSERT INTO aplicacion_oferta (`id`, `oferta_id`, `categoria_id`) VALUES (30, 1, 9);
INSERT INTO aplicacion_oferta (`id`, `oferta_id`, `categoria_id`) VALUES (31, 1, 7);
INSERT INTO aplicacion_oferta (`id`, `oferta_id`, `categoria_id`) VALUES (32, 37, 5);
INSERT INTO aplicacion_oferta (`id`, `oferta_id`, `categoria_id`) VALUES (33, 4, 10);
INSERT INTO aplicacion_oferta (`id`, `oferta_id`, `categoria_id`) VALUES (34, 20, 7);
INSERT INTO aplicacion_oferta (`id`, `oferta_id`, `categoria_id`) VALUES (35, 4, 12);
INSERT INTO aplicacion_oferta (`id`, `oferta_id`, `categoria_id`) VALUES (36, 22, 16);
INSERT INTO aplicacion_oferta (`id`, `oferta_id`, `categoria_id`) VALUES (37, 14, 17);
INSERT INTO aplicacion_oferta (`id`, `oferta_id`, `categoria_id`) VALUES (38, 25, 19);
INSERT INTO aplicacion_oferta (`id`, `oferta_id`, `categoria_id`) VALUES (39, 25, 10);
INSERT INTO aplicacion_oferta (`id`, `oferta_id`, `categoria_id`) VALUES (40, 1, 9);
INSERT INTO aplicacion_oferta (`id`, `oferta_id`, `categoria_id`) VALUES (41, 42, 14);
INSERT INTO aplicacion_oferta (`id`, `oferta_id`, `categoria_id`) VALUES (42, 34, 6);
INSERT INTO aplicacion_oferta (`id`, `oferta_id`, `categoria_id`) VALUES (43, 1, 16);
INSERT INTO aplicacion_oferta (`id`, `oferta_id`, `categoria_id`) VALUES (44, 37, 8);
INSERT INTO aplicacion_oferta (`id`, `oferta_id`, `categoria_id`) VALUES (45, 7, 17);
INSERT INTO aplicacion_oferta (`id`, `oferta_id`, `categoria_id`) VALUES (46, 21, 4);
INSERT INTO aplicacion_oferta (`id`, `oferta_id`, `categoria_id`) VALUES (47, 18, 3);
INSERT INTO aplicacion_oferta (`id`, `oferta_id`, `categoria_id`) VALUES (48, 4, 17);
INSERT INTO aplicacion_oferta (`id`, `oferta_id`, `categoria_id`) VALUES (49, 34, 4);
INSERT INTO aplicacion_oferta (`id`, `oferta_id`, `categoria_id`) VALUES (50, 38, 9);
INSERT INTO aplicacion_oferta (`id`, `oferta_id`, `categoria_id`) VALUES (51, 46, 6);
INSERT INTO aplicacion_oferta (`id`, `oferta_id`, `categoria_id`) VALUES (52, 21, 2);
INSERT INTO aplicacion_oferta (`id`, `oferta_id`, `categoria_id`) VALUES (53, 40, 4);
INSERT INTO aplicacion_oferta (`id`, `oferta_id`, `categoria_id`) VALUES (54, 32, 5);
INSERT INTO aplicacion_oferta (`id`, `oferta_id`, `categoria_id`) VALUES (55, 1, 6);
INSERT INTO aplicacion_oferta (`id`, `oferta_id`, `categoria_id`) VALUES (56, 26, 7);
INSERT INTO aplicacion_oferta (`id`, `oferta_id`, `categoria_id`) VALUES (57, 39, 5);
INSERT INTO aplicacion_oferta (`id`, `oferta_id`, `categoria_id`) VALUES (58, 28, 17);
INSERT INTO aplicacion_oferta (`id`, `oferta_id`, `categoria_id`) VALUES (59, 7, 15);
INSERT INTO aplicacion_oferta (`id`, `oferta_id`, `categoria_id`) VALUES (60, 14, 20);
INSERT INTO aplicacion_oferta (`id`, `oferta_id`, `categoria_id`) VALUES (61, 29, 9);
INSERT INTO aplicacion_oferta (`id`, `oferta_id`, `categoria_id`) VALUES (62, 8, 19);
INSERT INTO aplicacion_oferta (`id`, `oferta_id`, `categoria_id`) VALUES (63, 50, 19);
INSERT INTO aplicacion_oferta (`id`, `oferta_id`, `categoria_id`) VALUES (64, 32, 14);
INSERT INTO aplicacion_oferta (`id`, `oferta_id`, `categoria_id`) VALUES (65, 28, 19);
INSERT INTO aplicacion_oferta (`id`, `oferta_id`, `categoria_id`) VALUES (66, 4, 11);
INSERT INTO aplicacion_oferta (`id`, `oferta_id`, `categoria_id`) VALUES (67, 3, 20);
INSERT INTO aplicacion_oferta (`id`, `oferta_id`, `categoria_id`) VALUES (68, 41, 4);
INSERT INTO aplicacion_oferta (`id`, `oferta_id`, `categoria_id`) VALUES (69, 29, 18);
INSERT INTO aplicacion_oferta (`id`, `oferta_id`, `categoria_id`) VALUES (70, 28, 13);
INSERT INTO aplicacion_oferta (`id`, `oferta_id`, `categoria_id`) VALUES (71, 42, 10);
INSERT INTO aplicacion_oferta (`id`, `oferta_id`, `categoria_id`) VALUES (72, 20, 2);
INSERT INTO aplicacion_oferta (`id`, `oferta_id`, `categoria_id`) VALUES (73, 11, 3);
INSERT INTO aplicacion_oferta (`id`, `oferta_id`, `categoria_id`) VALUES (74, 43, 16);
INSERT INTO aplicacion_oferta (`id`, `oferta_id`, `categoria_id`) VALUES (75, 6, 7);
INSERT INTO aplicacion_oferta (`id`, `oferta_id`, `categoria_id`) VALUES (76, 17, 9);
INSERT INTO aplicacion_oferta (`id`, `oferta_id`, `categoria_id`) VALUES (77, 13, 17);
INSERT INTO aplicacion_oferta (`id`, `oferta_id`, `categoria_id`) VALUES (78, 24, 9);
INSERT INTO aplicacion_oferta (`id`, `oferta_id`, `categoria_id`) VALUES (79, 20, 7);
INSERT INTO aplicacion_oferta (`id`, `oferta_id`, `categoria_id`) VALUES (80, 47, 2);
INSERT INTO aplicacion_oferta (`id`, `oferta_id`, `categoria_id`) VALUES (81, 11, 19);
INSERT INTO aplicacion_oferta (`id`, `oferta_id`, `categoria_id`) VALUES (82, 15, 3);
INSERT INTO aplicacion_oferta (`id`, `oferta_id`, `categoria_id`) VALUES (83, 17, 3);
INSERT INTO aplicacion_oferta (`id`, `oferta_id`, `categoria_id`) VALUES (84, 1, 2);
INSERT INTO aplicacion_oferta (`id`, `oferta_id`, `categoria_id`) VALUES (85, 47, 4);
INSERT INTO aplicacion_oferta (`id`, `oferta_id`, `categoria_id`) VALUES (86, 18, 13);
INSERT INTO aplicacion_oferta (`id`, `oferta_id`, `categoria_id`) VALUES (87, 26, 8);
INSERT INTO aplicacion_oferta (`id`, `oferta_id`, `categoria_id`) VALUES (88, 36, 17);
INSERT INTO aplicacion_oferta (`id`, `oferta_id`, `categoria_id`) VALUES (89, 45, 12);
INSERT INTO aplicacion_oferta (`id`, `oferta_id`, `categoria_id`) VALUES (90, 32, 13);
INSERT INTO aplicacion_oferta (`id`, `oferta_id`, `categoria_id`) VALUES (91, 49, 15);
INSERT INTO aplicacion_oferta (`id`, `oferta_id`, `categoria_id`) VALUES (92, 24, 2);
INSERT INTO aplicacion_oferta (`id`, `oferta_id`, `categoria_id`) VALUES (93, 40, 14);
INSERT INTO aplicacion_oferta (`id`, `oferta_id`, `categoria_id`) VALUES (94, 49, 20);
INSERT INTO aplicacion_oferta (`id`, `oferta_id`, `categoria_id`) VALUES (95, 6, 15);
INSERT INTO aplicacion_oferta (`id`, `oferta_id`, `categoria_id`) VALUES (96, 17, 4);
INSERT INTO aplicacion_oferta (`id`, `oferta_id`, `categoria_id`) VALUES (97, 2, 9);
INSERT INTO aplicacion_oferta (`id`, `oferta_id`, `categoria_id`) VALUES (98, 9, 3);
INSERT INTO aplicacion_oferta (`id`, `oferta_id`, `categoria_id`) VALUES (99, 8, 13);
INSERT INTO aplicacion_oferta (`id`, `oferta_id`, `categoria_id`) VALUES (100, 30, 5);
INSERT INTO aplicacion_oferta (`id`, `oferta_id`, `categoria_id`) VALUES (101, 36, 2);
INSERT INTO aplicacion_oferta (`id`, `oferta_id`, `categoria_id`) VALUES (102, 49, 20);
INSERT INTO aplicacion_oferta (`id`, `oferta_id`, `categoria_id`) VALUES (103, 50, 20);
INSERT INTO aplicacion_oferta (`id`, `oferta_id`, `categoria_id`) VALUES (104, 46, 13);
INSERT INTO aplicacion_oferta (`id`, `oferta_id`, `categoria_id`) VALUES (105, 41, 3);
INSERT INTO aplicacion_oferta (`id`, `oferta_id`, `categoria_id`) VALUES (106, 6, 1);
INSERT INTO aplicacion_oferta (`id`, `oferta_id`, `categoria_id`) VALUES (107, 13, 14);
INSERT INTO aplicacion_oferta (`id`, `oferta_id`, `categoria_id`) VALUES (108, 4, 3);
INSERT INTO aplicacion_oferta (`id`, `oferta_id`, `categoria_id`) VALUES (109, 29, 17);
INSERT INTO aplicacion_oferta (`id`, `oferta_id`, `categoria_id`) VALUES (110, 33, 6);
INSERT INTO aplicacion_oferta (`id`, `oferta_id`, `categoria_id`) VALUES (111, 50, 15);
INSERT INTO aplicacion_oferta (`id`, `oferta_id`, `categoria_id`) VALUES (112, 39, 5);
INSERT INTO aplicacion_oferta (`id`, `oferta_id`, `categoria_id`) VALUES (113, 48, 17);
INSERT INTO aplicacion_oferta (`id`, `oferta_id`, `categoria_id`) VALUES (114, 17, 13);
INSERT INTO aplicacion_oferta (`id`, `oferta_id`, `categoria_id`) VALUES (115, 39, 5);
INSERT INTO aplicacion_oferta (`id`, `oferta_id`, `categoria_id`) VALUES (116, 44, 13);
INSERT INTO aplicacion_oferta (`id`, `oferta_id`, `categoria_id`) VALUES (117, 34, 12);
INSERT INTO aplicacion_oferta (`id`, `oferta_id`, `categoria_id`) VALUES (118, 15, 7);
INSERT INTO aplicacion_oferta (`id`, `oferta_id`, `categoria_id`) VALUES (119, 30, 19);
INSERT INTO aplicacion_oferta (`id`, `oferta_id`, `categoria_id`) VALUES (120, 29, 5);
INSERT INTO aplicacion_oferta (`id`, `oferta_id`, `categoria_id`) VALUES (121, 46, 5);
INSERT INTO aplicacion_oferta (`id`, `oferta_id`, `categoria_id`) VALUES (122, 29, 14);
INSERT INTO aplicacion_oferta (`id`, `oferta_id`, `categoria_id`) VALUES (123, 3, 14);
INSERT INTO aplicacion_oferta (`id`, `oferta_id`, `categoria_id`) VALUES (124, 35, 20);
INSERT INTO aplicacion_oferta (`id`, `oferta_id`, `categoria_id`) VALUES (125, 27, 18);
INSERT INTO aplicacion_oferta (`id`, `oferta_id`, `categoria_id`) VALUES (126, 8, 6);
INSERT INTO aplicacion_oferta (`id`, `oferta_id`, `categoria_id`) VALUES (127, 2, 20);
INSERT INTO aplicacion_oferta (`id`, `oferta_id`, `categoria_id`) VALUES (128, 29, 18);
INSERT INTO aplicacion_oferta (`id`, `oferta_id`, `categoria_id`) VALUES (129, 17, 15);
INSERT INTO aplicacion_oferta (`id`, `oferta_id`, `categoria_id`) VALUES (130, 9, 8);
INSERT INTO aplicacion_oferta (`id`, `oferta_id`, `categoria_id`) VALUES (131, 9, 3);
INSERT INTO aplicacion_oferta (`id`, `oferta_id`, `categoria_id`) VALUES (132, 2, 16);
INSERT INTO aplicacion_oferta (`id`, `oferta_id`, `categoria_id`) VALUES (133, 8, 15);
INSERT INTO aplicacion_oferta (`id`, `oferta_id`, `categoria_id`) VALUES (134, 9, 2);
INSERT INTO aplicacion_oferta (`id`, `oferta_id`, `categoria_id`) VALUES (135, 48, 9);
INSERT INTO aplicacion_oferta (`id`, `oferta_id`, `categoria_id`) VALUES (136, 49, 9);
INSERT INTO aplicacion_oferta (`id`, `oferta_id`, `categoria_id`) VALUES (137, 14, 6);
INSERT INTO aplicacion_oferta (`id`, `oferta_id`, `categoria_id`) VALUES (138, 11, 8);
INSERT INTO aplicacion_oferta (`id`, `oferta_id`, `categoria_id`) VALUES (139, 2, 11);
INSERT INTO aplicacion_oferta (`id`, `oferta_id`, `categoria_id`) VALUES (140, 42, 3);
INSERT INTO aplicacion_oferta (`id`, `oferta_id`, `categoria_id`) VALUES (141, 43, 7);
INSERT INTO aplicacion_oferta (`id`, `oferta_id`, `categoria_id`) VALUES (142, 2, 15);
INSERT INTO aplicacion_oferta (`id`, `oferta_id`, `categoria_id`) VALUES (143, 31, 20);
INSERT INTO aplicacion_oferta (`id`, `oferta_id`, `categoria_id`) VALUES (144, 40, 12);
INSERT INTO aplicacion_oferta (`id`, `oferta_id`, `categoria_id`) VALUES (145, 19, 1);
INSERT INTO aplicacion_oferta (`id`, `oferta_id`, `categoria_id`) VALUES (146, 20, 2);
INSERT INTO aplicacion_oferta (`id`, `oferta_id`, `categoria_id`) VALUES (147, 34, 15);
INSERT INTO aplicacion_oferta (`id`, `oferta_id`, `categoria_id`) VALUES (148, 2, 5);
INSERT INTO aplicacion_oferta (`id`, `oferta_id`, `categoria_id`) VALUES (149, 34, 19);
INSERT INTO aplicacion_oferta (`id`, `oferta_id`, `categoria_id`) VALUES (150, 13, 9);
INSERT INTO aplicacion_oferta (`id`, `oferta_id`, `categoria_id`) VALUES (151, 30, 12);
INSERT INTO aplicacion_oferta (`id`, `oferta_id`, `categoria_id`) VALUES (152, 30, 13);
INSERT INTO aplicacion_oferta (`id`, `oferta_id`, `categoria_id`) VALUES (153, 42, 3);
INSERT INTO aplicacion_oferta (`id`, `oferta_id`, `categoria_id`) VALUES (154, 32, 19);
INSERT INTO aplicacion_oferta (`id`, `oferta_id`, `categoria_id`) VALUES (155, 15, 16);
INSERT INTO aplicacion_oferta (`id`, `oferta_id`, `categoria_id`) VALUES (156, 19, 5);
INSERT INTO aplicacion_oferta (`id`, `oferta_id`, `categoria_id`) VALUES (157, 40, 14);
INSERT INTO aplicacion_oferta (`id`, `oferta_id`, `categoria_id`) VALUES (158, 16, 17);
INSERT INTO aplicacion_oferta (`id`, `oferta_id`, `categoria_id`) VALUES (159, 47, 15);
INSERT INTO aplicacion_oferta (`id`, `oferta_id`, `categoria_id`) VALUES (160, 6, 5);
INSERT INTO aplicacion_oferta (`id`, `oferta_id`, `categoria_id`) VALUES (161, 25, 2);
INSERT INTO aplicacion_oferta (`id`, `oferta_id`, `categoria_id`) VALUES (162, 6, 14);
INSERT INTO aplicacion_oferta (`id`, `oferta_id`, `categoria_id`) VALUES (163, 8, 10);
INSERT INTO aplicacion_oferta (`id`, `oferta_id`, `categoria_id`) VALUES (164, 32, 6);
INSERT INTO aplicacion_oferta (`id`, `oferta_id`, `categoria_id`) VALUES (165, 14, 12);
INSERT INTO aplicacion_oferta (`id`, `oferta_id`, `categoria_id`) VALUES (166, 6, 8);
INSERT INTO aplicacion_oferta (`id`, `oferta_id`, `categoria_id`) VALUES (167, 30, 6);
INSERT INTO aplicacion_oferta (`id`, `oferta_id`, `categoria_id`) VALUES (168, 27, 8);
INSERT INTO aplicacion_oferta (`id`, `oferta_id`, `categoria_id`) VALUES (169, 16, 10);
INSERT INTO aplicacion_oferta (`id`, `oferta_id`, `categoria_id`) VALUES (170, 32, 16);
INSERT INTO aplicacion_oferta (`id`, `oferta_id`, `categoria_id`) VALUES (171, 19, 18);
INSERT INTO aplicacion_oferta (`id`, `oferta_id`, `categoria_id`) VALUES (172, 8, 20);
INSERT INTO aplicacion_oferta (`id`, `oferta_id`, `categoria_id`) VALUES (173, 34, 13);
INSERT INTO aplicacion_oferta (`id`, `oferta_id`, `categoria_id`) VALUES (174, 49, 15);
INSERT INTO aplicacion_oferta (`id`, `oferta_id`, `categoria_id`) VALUES (175, 48, 12);
INSERT INTO aplicacion_oferta (`id`, `oferta_id`, `categoria_id`) VALUES (176, 2, 6);
INSERT INTO aplicacion_oferta (`id`, `oferta_id`, `categoria_id`) VALUES (177, 19, 11);
INSERT INTO aplicacion_oferta (`id`, `oferta_id`, `categoria_id`) VALUES (178, 31, 20);
INSERT INTO aplicacion_oferta (`id`, `oferta_id`, `categoria_id`) VALUES (179, 3, 8);
INSERT INTO aplicacion_oferta (`id`, `oferta_id`, `categoria_id`) VALUES (180, 2, 4);
INSERT INTO aplicacion_oferta (`id`, `oferta_id`, `categoria_id`) VALUES (181, 44, 16);
INSERT INTO aplicacion_oferta (`id`, `oferta_id`, `categoria_id`) VALUES (182, 33, 13);
INSERT INTO aplicacion_oferta (`id`, `oferta_id`, `categoria_id`) VALUES (183, 31, 1);
INSERT INTO aplicacion_oferta (`id`, `oferta_id`, `categoria_id`) VALUES (184, 35, 12);
INSERT INTO aplicacion_oferta (`id`, `oferta_id`, `categoria_id`) VALUES (185, 15, 6);
INSERT INTO aplicacion_oferta (`id`, `oferta_id`, `categoria_id`) VALUES (186, 45, 20);
INSERT INTO aplicacion_oferta (`id`, `oferta_id`, `categoria_id`) VALUES (187, 4, 17);
INSERT INTO aplicacion_oferta (`id`, `oferta_id`, `categoria_id`) VALUES (188, 4, 13);
INSERT INTO aplicacion_oferta (`id`, `oferta_id`, `categoria_id`) VALUES (189, 11, 18);
INSERT INTO aplicacion_oferta (`id`, `oferta_id`, `categoria_id`) VALUES (190, 1, 10);
INSERT INTO aplicacion_oferta (`id`, `oferta_id`, `categoria_id`) VALUES (191, 10, 8);
INSERT INTO aplicacion_oferta (`id`, `oferta_id`, `categoria_id`) VALUES (192, 35, 5);
INSERT INTO aplicacion_oferta (`id`, `oferta_id`, `categoria_id`) VALUES (193, 6, 1);
INSERT INTO aplicacion_oferta (`id`, `oferta_id`, `categoria_id`) VALUES (194, 18, 6);
INSERT INTO aplicacion_oferta (`id`, `oferta_id`, `categoria_id`) VALUES (195, 16, 8);
INSERT INTO aplicacion_oferta (`id`, `oferta_id`, `categoria_id`) VALUES (196, 20, 2);
INSERT INTO aplicacion_oferta (`id`, `oferta_id`, `categoria_id`) VALUES (197, 23, 9);
INSERT INTO aplicacion_oferta (`id`, `oferta_id`, `categoria_id`) VALUES (198, 46, 9);
INSERT INTO aplicacion_oferta (`id`, `oferta_id`, `categoria_id`) VALUES (199, 46, 16);
INSERT INTO aplicacion_oferta (`id`, `oferta_id`, `categoria_id`) VALUES (200, 38, 12);
INSERT INTO aplicacion_oferta (`id`, `oferta_id`, `categoria_id`) VALUES (201, 27, 19);
INSERT INTO aplicacion_oferta (`id`, `oferta_id`, `categoria_id`) VALUES (202, 15, 16);
INSERT INTO aplicacion_oferta (`id`, `oferta_id`, `categoria_id`) VALUES (203, 46, 6);
INSERT INTO aplicacion_oferta (`id`, `oferta_id`, `categoria_id`) VALUES (204, 10, 20);
INSERT INTO aplicacion_oferta (`id`, `oferta_id`, `categoria_id`) VALUES (205, 13, 18);
INSERT INTO aplicacion_oferta (`id`, `oferta_id`, `categoria_id`) VALUES (206, 44, 20);
INSERT INTO aplicacion_oferta (`id`, `oferta_id`, `categoria_id`) VALUES (207, 11, 7);
INSERT INTO aplicacion_oferta (`id`, `oferta_id`, `categoria_id`) VALUES (208, 31, 1);
INSERT INTO aplicacion_oferta (`id`, `oferta_id`, `categoria_id`) VALUES (209, 24, 10);
INSERT INTO aplicacion_oferta (`id`, `oferta_id`, `categoria_id`) VALUES (210, 14, 4);
INSERT INTO aplicacion_oferta (`id`, `oferta_id`, `categoria_id`) VALUES (211, 33, 10);
INSERT INTO aplicacion_oferta (`id`, `oferta_id`, `categoria_id`) VALUES (212, 18, 18);
INSERT INTO aplicacion_oferta (`id`, `oferta_id`, `categoria_id`) VALUES (213, 46, 7);
INSERT INTO aplicacion_oferta (`id`, `oferta_id`, `categoria_id`) VALUES (214, 14, 8);
INSERT INTO aplicacion_oferta (`id`, `oferta_id`, `categoria_id`) VALUES (215, 3, 20);
INSERT INTO aplicacion_oferta (`id`, `oferta_id`, `categoria_id`) VALUES (216, 11, 16);
INSERT INTO aplicacion_oferta (`id`, `oferta_id`, `categoria_id`) VALUES (217, 8, 3);
INSERT INTO aplicacion_oferta (`id`, `oferta_id`, `categoria_id`) VALUES (218, 6, 15);
INSERT INTO aplicacion_oferta (`id`, `oferta_id`, `categoria_id`) VALUES (219, 15, 11);
INSERT INTO aplicacion_oferta (`id`, `oferta_id`, `categoria_id`) VALUES (220, 19, 10);
INSERT INTO aplicacion_oferta (`id`, `oferta_id`, `categoria_id`) VALUES (221, 6, 8);
INSERT INTO aplicacion_oferta (`id`, `oferta_id`, `categoria_id`) VALUES (222, 24, 2);
INSERT INTO aplicacion_oferta (`id`, `oferta_id`, `categoria_id`) VALUES (223, 3, 15);
INSERT INTO aplicacion_oferta (`id`, `oferta_id`, `categoria_id`) VALUES (224, 12, 7);
INSERT INTO aplicacion_oferta (`id`, `oferta_id`, `categoria_id`) VALUES (225, 41, 11);
INSERT INTO aplicacion_oferta (`id`, `oferta_id`, `categoria_id`) VALUES (226, 19, 3);
INSERT INTO aplicacion_oferta (`id`, `oferta_id`, `categoria_id`) VALUES (227, 31, 11);
INSERT INTO aplicacion_oferta (`id`, `oferta_id`, `categoria_id`) VALUES (228, 14, 5);
INSERT INTO aplicacion_oferta (`id`, `oferta_id`, `categoria_id`) VALUES (229, 14, 7);
INSERT INTO aplicacion_oferta (`id`, `oferta_id`, `categoria_id`) VALUES (230, 27, 3);
INSERT INTO aplicacion_oferta (`id`, `oferta_id`, `categoria_id`) VALUES (231, 2, 16);
INSERT INTO aplicacion_oferta (`id`, `oferta_id`, `categoria_id`) VALUES (232, 40, 5);
INSERT INTO aplicacion_oferta (`id`, `oferta_id`, `categoria_id`) VALUES (233, 41, 7);
INSERT INTO aplicacion_oferta (`id`, `oferta_id`, `categoria_id`) VALUES (234, 48, 2);
INSERT INTO aplicacion_oferta (`id`, `oferta_id`, `categoria_id`) VALUES (235, 50, 13);
INSERT INTO aplicacion_oferta (`id`, `oferta_id`, `categoria_id`) VALUES (236, 4, 2);
INSERT INTO aplicacion_oferta (`id`, `oferta_id`, `categoria_id`) VALUES (237, 41, 3);
INSERT INTO aplicacion_oferta (`id`, `oferta_id`, `categoria_id`) VALUES (238, 11, 6);
INSERT INTO aplicacion_oferta (`id`, `oferta_id`, `categoria_id`) VALUES (239, 35, 8);
INSERT INTO aplicacion_oferta (`id`, `oferta_id`, `categoria_id`) VALUES (240, 15, 7);
INSERT INTO aplicacion_oferta (`id`, `oferta_id`, `categoria_id`) VALUES (241, 24, 20);
INSERT INTO aplicacion_oferta (`id`, `oferta_id`, `categoria_id`) VALUES (242, 17, 2);
INSERT INTO aplicacion_oferta (`id`, `oferta_id`, `categoria_id`) VALUES (243, 32, 1);
INSERT INTO aplicacion_oferta (`id`, `oferta_id`, `categoria_id`) VALUES (244, 20, 3);
INSERT INTO aplicacion_oferta (`id`, `oferta_id`, `categoria_id`) VALUES (245, 30, 6);
INSERT INTO aplicacion_oferta (`id`, `oferta_id`, `categoria_id`) VALUES (246, 34, 2);
INSERT INTO aplicacion_oferta (`id`, `oferta_id`, `categoria_id`) VALUES (247, 30, 18);
INSERT INTO aplicacion_oferta (`id`, `oferta_id`, `categoria_id`) VALUES (248, 38, 19);
INSERT INTO aplicacion_oferta (`id`, `oferta_id`, `categoria_id`) VALUES (249, 40, 15);
INSERT INTO aplicacion_oferta (`id`, `oferta_id`, `categoria_id`) VALUES (250, 44, 10);
INSERT INTO aplicacion_oferta (`id`, `oferta_id`, `categoria_id`) VALUES (251, 6, 19);
INSERT INTO aplicacion_oferta (`id`, `oferta_id`, `categoria_id`) VALUES (252, 45, 16);
INSERT INTO aplicacion_oferta (`id`, `oferta_id`, `categoria_id`) VALUES (253, 18, 4);
INSERT INTO aplicacion_oferta (`id`, `oferta_id`, `categoria_id`) VALUES (254, 9, 14);
INSERT INTO aplicacion_oferta (`id`, `oferta_id`, `categoria_id`) VALUES (255, 6, 8);
INSERT INTO aplicacion_oferta (`id`, `oferta_id`, `categoria_id`) VALUES (256, 9, 19);
INSERT INTO aplicacion_oferta (`id`, `oferta_id`, `categoria_id`) VALUES (257, 27, 17);
INSERT INTO aplicacion_oferta (`id`, `oferta_id`, `categoria_id`) VALUES (258, 37, 13);
INSERT INTO aplicacion_oferta (`id`, `oferta_id`, `categoria_id`) VALUES (259, 22, 13);
INSERT INTO aplicacion_oferta (`id`, `oferta_id`, `categoria_id`) VALUES (260, 40, 18);
INSERT INTO aplicacion_oferta (`id`, `oferta_id`, `categoria_id`) VALUES (261, 13, 14);
INSERT INTO aplicacion_oferta (`id`, `oferta_id`, `categoria_id`) VALUES (262, 23, 8);
INSERT INTO aplicacion_oferta (`id`, `oferta_id`, `categoria_id`) VALUES (263, 30, 5);
INSERT INTO aplicacion_oferta (`id`, `oferta_id`, `categoria_id`) VALUES (264, 3, 5);
INSERT INTO aplicacion_oferta (`id`, `oferta_id`, `categoria_id`) VALUES (265, 21, 9);
INSERT INTO aplicacion_oferta (`id`, `oferta_id`, `categoria_id`) VALUES (266, 30, 4);
INSERT INTO aplicacion_oferta (`id`, `oferta_id`, `categoria_id`) VALUES (267, 6, 4);
INSERT INTO aplicacion_oferta (`id`, `oferta_id`, `categoria_id`) VALUES (268, 11, 16);
INSERT INTO aplicacion_oferta (`id`, `oferta_id`, `categoria_id`) VALUES (269, 40, 14);
INSERT INTO aplicacion_oferta (`id`, `oferta_id`, `categoria_id`) VALUES (270, 40, 4);
INSERT INTO aplicacion_oferta (`id`, `oferta_id`, `categoria_id`) VALUES (271, 25, 13);
INSERT INTO aplicacion_oferta (`id`, `oferta_id`, `categoria_id`) VALUES (272, 13, 12);
INSERT INTO aplicacion_oferta (`id`, `oferta_id`, `categoria_id`) VALUES (273, 7, 16);
INSERT INTO aplicacion_oferta (`id`, `oferta_id`, `categoria_id`) VALUES (274, 6, 6);
INSERT INTO aplicacion_oferta (`id`, `oferta_id`, `categoria_id`) VALUES (275, 33, 20);
INSERT INTO aplicacion_oferta (`id`, `oferta_id`, `categoria_id`) VALUES (276, 36, 16);
INSERT INTO aplicacion_oferta (`id`, `oferta_id`, `categoria_id`) VALUES (277, 40, 2);
INSERT INTO aplicacion_oferta (`id`, `oferta_id`, `categoria_id`) VALUES (278, 13, 5);
INSERT INTO aplicacion_oferta (`id`, `oferta_id`, `categoria_id`) VALUES (279, 24, 19);
INSERT INTO aplicacion_oferta (`id`, `oferta_id`, `categoria_id`) VALUES (280, 29, 11);
INSERT INTO aplicacion_oferta (`id`, `oferta_id`, `categoria_id`) VALUES (281, 6, 19);
INSERT INTO aplicacion_oferta (`id`, `oferta_id`, `categoria_id`) VALUES (282, 29, 10);
INSERT INTO aplicacion_oferta (`id`, `oferta_id`, `categoria_id`) VALUES (283, 24, 15);
INSERT INTO aplicacion_oferta (`id`, `oferta_id`, `categoria_id`) VALUES (284, 24, 7);
INSERT INTO aplicacion_oferta (`id`, `oferta_id`, `categoria_id`) VALUES (285, 38, 19);
INSERT INTO aplicacion_oferta (`id`, `oferta_id`, `categoria_id`) VALUES (286, 30, 4);
INSERT INTO aplicacion_oferta (`id`, `oferta_id`, `categoria_id`) VALUES (287, 32, 5);
INSERT INTO aplicacion_oferta (`id`, `oferta_id`, `categoria_id`) VALUES (288, 14, 15);
INSERT INTO aplicacion_oferta (`id`, `oferta_id`, `categoria_id`) VALUES (289, 16, 10);
INSERT INTO aplicacion_oferta (`id`, `oferta_id`, `categoria_id`) VALUES (290, 4, 6);
INSERT INTO aplicacion_oferta (`id`, `oferta_id`, `categoria_id`) VALUES (291, 4, 17);
INSERT INTO aplicacion_oferta (`id`, `oferta_id`, `categoria_id`) VALUES (292, 28, 3);
INSERT INTO aplicacion_oferta (`id`, `oferta_id`, `categoria_id`) VALUES (293, 27, 16);
INSERT INTO aplicacion_oferta (`id`, `oferta_id`, `categoria_id`) VALUES (294, 33, 15);
INSERT INTO aplicacion_oferta (`id`, `oferta_id`, `categoria_id`) VALUES (295, 30, 16);
INSERT INTO aplicacion_oferta (`id`, `oferta_id`, `categoria_id`) VALUES (296, 47, 17);
INSERT INTO aplicacion_oferta (`id`, `oferta_id`, `categoria_id`) VALUES (297, 13, 3);
INSERT INTO aplicacion_oferta (`id`, `oferta_id`, `categoria_id`) VALUES (298, 36, 18);
INSERT INTO aplicacion_oferta (`id`, `oferta_id`, `categoria_id`) VALUES (299, 7, 19);
INSERT INTO aplicacion_oferta (`id`, `oferta_id`, `categoria_id`) VALUES (300, 2, 5);
